valid, train,indication,,
Hellenistic_Maresha- T.,Early Roman_Jerusalem- Giv`at ha-Mivtar,1,,1=wrong
Hellenistic_Maresha- T.,Crusader_Caesarea,1,,2=ambiguous
Hellenistic_Maresha- T.,Byzantine_`En Gedi,1,,3=similar
Hellenistic_Maresha- T.,Persian_Jerusalem- City of David,1,,
Hellenistic_Maresha- T.,Iron IIA_Yavne (north-west),1,,
Hellenistic_Maresha- T.,Iron IIC-Babylonian_Jerusalem- Ketef Hinnom,1,,
Hellenistic_Maresha- T.,Early Roman_Jerusalem- Old City- Jewish Quarter- Area F- M,1,,
Hellenistic_Maresha- T.,Early Roman_Jerusalem- Old City- Jewish Quarter- Area F- M,1,,
Hellenistic_Maresha- T.,Iron II_Jerusalem- City of David,1,,
Hellenistic_Maresha- T.,Pre-Pottery Neolithic_Besamon,1,,
Hellenistic_Maresha- T.,Hellenistic_Bet She'an- T.,3,,
Hellenistic_Maresha- T.,Persian-Hellenistic_Maresha- T.,2,,
Hellenistic_Maresha- T.,Persian-Hellenistic_Maresha- T.,2,,
Hellenistic_Maresha- T.,Pottery Neolithic_Ha-Gosherim- Nili (north),1,,
Hellenistic_Maresha- T.,Early Bronze II_`Arad- T.,1,,
Hellenistic_Maresha- T.,Umayyad_Mafjar- Kh. el-,1,,
Hellenistic_Maresha- T.,Iron IIA_Qeiyafa- Kh.,1,,
Iron II_Lakhish- T.,Iron II_Jerusalem- City of David,3,,
Iron II_Lakhish- T.,Early Roman_Jerusalem- Giv`at ha-Mivtar,1,,
Iron II_Lakhish- T.,Byzantine_Gush Halav,1,,
Iron II_Lakhish- T.,Late Bronze II_Haifa- T. Abu Hawwam,1,,
Iron II_Lakhish- T.,Iron II_Ashqelon- T. Ashqelon,3,,
Iron II_Lakhish- T.,Iron II_Bir er-Ruqeish,3,,
Iron II_Lakhish- T.,Iron II_Bir er-Ruqeish,3,,
Iron II_Lakhish- T.,Iron II_Jerusalem- City of David,3,,
Iron II_Lakhish- T.,Iron II_Jerusalem- City of David,3,,
Iron II_Lakhish- T.,Iron II_Jerusalem- City of David,3,,
Iron II_Lakhish- T.,Iron II_Jerusalem- City of David,3,,
Iron II_Lakhish- T.,Persian-Hellenistic_Maresha- T.,1,,
Iron II_Lakhish- T.,Iron II_`Arad- T.,3,,
Iron II_Lakhish- T.,Iron II_Bet-Shemesh- T.,3,,
Iron II_Lakhish- T.,Iron II_Bet-Shemesh- T.,3,,
Natufian_Me`arat ha-Nahal,Natufian_Me`arat Kebara,3,,
Natufian_Me`arat ha-Nahal,Natufian_Magharat Shuqba,3,,
Natufian_Me`arat ha-Nahal,Natufian_Me`arat Kebara,3,,
Natufian_Me`arat ha-Nahal,Natufian_Magharat Shuqba,3,,
Natufian_Me`arat ha-Nahal,Natufian_Magharat Shuqba,3,,
Natufian_Me`arat ha-Nahal,Pre-Pottery Neolithic B_Jericho- T.,1,,
Natufian_Me`arat ha-Nahal,Natufian_Magharat Shuqba,3,,
Natufian_Me`arat ha-Nahal,Late Bronze I_Bet She'an- T.,1,,
Natufian_Me`arat ha-Nahal,Upper Palaeolithic_Me`arat ha-Nahal,1,,
Natufian_Me`arat ha-Nahal,Upper Palaeolithic_Me`arat ha-Nahal,1,,
Byzantine_Nizzana,Byzantine_Bet She'an,3,,
Byzantine_Nizzana,Late Chalcolithic_Be'er Sheva`- H. Zafad,1,,
Byzantine_Nizzana,Early Roman_Horevot Mazada,1,,
Late Bronze II_Bet-Shemesh- T.,Middle Bronze II_Bet Mirsham- T.,2,,
Late Bronze II_Bet-Shemesh- T.,Middle Bronze II_Bet Mirsham- T.,2,,
Late Bronze II_Bet-Shemesh- T.,Middle Bronze II_Jericho- T.,2,,
Late Bronze II_Bet-Shemesh- T.,Middle Bronze II_Bet Mirsham- T.,2,,
Late Bronze II_Bet-Shemesh- T.,Late Bronze II_`Ujul- T. el-,3,,
Late Bronze II_Bet-Shemesh- T.,Late Bronze II_`Ujul- T. el-,3,,
Early Islamic_Caesarea,Hellenistic_Samaria,1,,
Early Islamic_Caesarea,Early Byzantine_Kavul,1,,
Early Islamic_Caesarea,Early Islamic_Ramla,3,,
Early Islamic_Caesarea,Fatimid_Caesarea,2,,
Early Islamic_Caesarea,Crusader_`Atlit,1,,
Early Islamic_Caesarea,Late Roman_Asherat,3,,
Early Islamic_Caesarea,Fatimid_Caesarea,2,,
Early Islamic_Caesarea,Iron IIC_Ashqelon- T. Ashqelon,1,,
Iron II_Mizpah,Iron II_Lakhish- T.,3,,
Iron II_Mizpah,Iron II_Lakhish- T.,3,,
Iron II_Mizpah,Persian_Lakhish- T.,1,,
Iron II_Mizpah,Byzantine_Gush Halav,1,,
Iron II_Mizpah,Iron II_Samaria,3,,
Middle Bronze I_Megiddo- T.,Early Bronze II-III_`Ai,1,,
Roman_Jerusalem- Binyane ha-Umma,Iron II_Ramat Rahel,1,,
Roman_Jerusalem- Binyane ha-Umma,Iron II_Ramat Rahel,1,,
Roman_Jerusalem- Binyane ha-Umma,Iron II_Ramat Rahel,1,,
Early Roman_Jerusalem- Mount Scopus (west),Early Roman_Jerusalem- Giv`at ha-Mivtar,3,,
Early Roman_Jerusalem- Mount Scopus (west),Hellenistic_Jerusalem- City of David,2,,
Upper Palaeolithic_Nahal Zin,Middle Palaeolithic_Har Qedumim,1,,
Upper Palaeolithic_Nahal Zin,Middle Bronze II_Afeq,1,,
Upper Palaeolithic_Nahal Zin,Late Chalcolithic_Nahal Pattish (Gilat),1,,
Upper Palaeolithic_Nahal Zin,Hellenistic_Maresha- T.,1,,
Late Roman_Lidd- Kh.,Late Roman_Hedera,3,,
Late Roman_Lidd- Kh.,Late Roman_Hedera,3,,
Early Roman_`En Gedi,Roman_`En Gedi,3,,
Early Roman_`En Gedi,Roman_`En Gedi,3,,
Early Roman_`En Gedi,Roman_Wadi Murabba,3,,
Early Roman_`En Gedi,Roman_Wadi Murabba,3,,
Early Roman_`En Gedi,Roman_`En Gedi,3,,
Byzantine_Caesarea,Early Roman_Caesarea,1,,
Byzantine_Caesarea,Early Roman_Caesarea,1,,
Byzantine_Caesarea,Iron II_Lakhish- T.,1,,
Byzantine_Caesarea,Iron II_Akhziv,1,,
Lower Palaeolithic_`Ovadya- T.- Prehistoric site,Middle Palaeolithic_Har Qedumim,1,,
Lower Palaeolithic_`Ovadya- T.- Prehistoric site,Late Chalcolithic_Nahal Pattish (Gilat),1,,
Lower Palaeolithic_`Ovadya- T.- Prehistoric site,Late Chalcolithic_Nahal Pattish (Gilat),1,,
Lower Palaeolithic_`Ovadya- T.- Prehistoric site,Lower Palaeolithic_Gesher Benot Ya`aqov,3,,
Lower Palaeolithic_`Ovadya- T.- Prehistoric site,Pottery Neolithic_Minha- H.,1,,
Iron II_Jerusalem- Old City- Jewish Quarter- Area F- M,Iron II_Jerusalem- City of David,3,,
Iron II_Jerusalem- Old City- Jewish Quarter- Area F- M,Iron II_Sheva`- T.,3,,
Iron II_Jerusalem- Old City- Jewish Quarter- Area F- M,Iron II_Sheva`- T.,3,,
Iron II_Jerusalem- Old City- Jewish Quarter- Area F- M,Iron IIA_Yavne (north-west),3,,
Early Roman_BURNT HOUSE,Natufian_Me`arat ha-Nahal,1,,
Late Roman_Palmahim,Late Roman_Nahariyya- Giv`at Katzenelson,3,,
Late Roman_Palmahim,Late Roman_Nahariyya- Giv`at Katzenelson,3,,
Late Roman_Palmahim,Late Roman_Nahariyya- Giv`at Katzenelson,3,,
Iron I_Bet-Shemesh- T.,Late Bronze II_Hazor- T.,2,,
Iron I_Bet-Shemesh- T.,Late Bronze II_Hazor- T.,2,,
Iron I_Bet-Shemesh- T.,Late Bronze II_Hazor- T.,2,,
Iron I_Bet-Shemesh- T.,Iron II_Megiddo- T.,2,,
Iron I_Bet-Shemesh- T.,Hellenistic_Ha-Gosherim,1,,
Fatimid_Hammat,Hellenistic_Samaria,1,,
Fatimid_Hammat,Hellenistic_Samaria,1,,
Middle Roman_Nahal Hever,Upper Palaeolithic_Me`arot Yonim,1,,
Middle Roman_Nahal Hever,Roman_Nahal Hever,3,,
Middle Roman_Nahal Hever,Roman_Wadi Murabba,3,,
Middle Roman_Nahal Hever,Pre-Pottery Neolithic B_Nahal Hemar,1,,
Middle Roman_Nahal Hever,Roman_`En Gedi,3,,
Middle Roman_Nahal Hever,Roman_Nahal Mishmar- Cave of the Treasure,3,,
Middle Roman_Nahal Hever,Roman_Nahal Hever,3,,
Iron IIB_Nemal Akhziv,Iron II_Nemal Akhziv,3,,
Iron IIB_Nemal Akhziv,Iron II_Nemal Akhziv,3,,
Iron II_Jerusalem- Old City- Western and Southern Walls,Iron II_Jerusalem- City of David,3,,
Iron II_Jerusalem- Old City- Western and Southern Walls,Iron II_Jerusalem- City of David,3,,
Iron II_Jerusalem- Old City- Western and Southern Walls,Iron II_Jerusalem- City of David,3,,
Iron II_Jerusalem- Old City- Western and Southern Walls,Iron II_Jerusalem- City of David,3,,
Early Bronze I_`Ai,Iron I_Bet-Shemesh- T.,1,,
Early Bronze I_`Ai,Middle Bronze I_Megiddo- T.,2,,
Roman_'En Tamar,Roman_Horevot Mazada,3,,
Pre-Pottery Neolithic B_Jericho- T.,Iron II_Bet-Shemesh- T.,1,,
Pre-Pottery Neolithic B_Jericho- T.,Late Bronze_`Ujul- T. el-,1,,
Pre-Pottery Neolithic B_Jericho- T.,Late Bronze II_Megiddo- T.,1,,
Pre-Pottery Neolithic B_Jericho- T.,Late Bronze II_Megiddo- T.,1,,
Iron IIC_Akhziv,Iron II_Nemal Akhziv,3,,
Iron IIC_Akhziv,Iron II_Nemal Akhziv,3,,
Iron IIC_Akhziv,Iron II_Nemal Akhziv,3,,
Roman_Nahal Hever,Roman_Horevot Mazada,3,,
Roman_Nahal Hever,Roman_Horevot Mazada,3,,
Roman_Nahal Hever,Byzantine_Mesad Boqeq,1,,
Roman_Nahal Hever,Early Roman_Horevot Mazada,3,,
Late Hellenistic_Jerusalem- Old City,Hellenistic_Maresha- T.,3,,
Late Hellenistic_Jerusalem- Old City,Hellenistic_Maresha- T.,3,,
Late Hellenistic_Jerusalem- Old City,Hellenistic_Maresha- T.,3,,
Late Hellenistic_Jerusalem- Old City,Hellenistic_Maresha- T.,3,,
Late Chalcolithic_Be'er Sheva`- H. Zafad,Late Bronze II_Gezer- T.,1,,
Late Chalcolithic_Be'er Sheva`- H. Zafad,Byzantine_`En Gedi,1,,
Late Chalcolithic_Be'er Sheva`- H. Zafad,Iron II_Bet She'an- T.,1,,
Roman_Horevot Mazada,Roman_Mezad Rahel,3,,
Roman_Horevot Mazada,Roman_'En Tamar,3,,
Roman_Horevot Mazada,Persian-Hellenistic_Maresha- T.,1,,
Roman_Horevot Mazada,Early Roman_Horevot Mazada,3,,
Roman_Horevot Mazada,Roman_Moa,3,,
Roman_Horevot Mazada,Crusader_Caesarea,1,,
Roman_Horevot Mazada,Early Islamic_נחל עומר,1,,
Roman_Horevot Mazada,Roman_Wadi Murabba,3,,
Roman_Horevot Mazada,Upper Palaeolithic_Me`arot Yonim,1,,
Middle Palaeolithic_Me`arat ha-Gulgolet,Upper Palaeolithic_Me`arat ha-Nahal,1,,
Middle Palaeolithic_Me`arat ha-Gulgolet,Upper Palaeolithic_Me`arat ha-Nahal,1,,
Middle Palaeolithic_Me`arat ha-Gulgolet,Upper Palaeolithic_Me`arat ha-Nahal,1,,
Middle Palaeolithic_Me`arat ha-Gulgolet,Middle Palaeolithic_Magharat Shuqba,3,,
Hellenistic_Ha-Gosherim,Iron IIC-Babylonian_Jerusalem- Ketef Hinnom,2,,
Hellenistic_Ha-Gosherim,Iron IIC-Babylonian_Jerusalem- Ketef Hinnom,2,,
Hellenistic_Ha-Gosherim,Iron IIC-Babylonian_Jerusalem- Ketef Hinnom,2,,
Iron IIA_Yavne (north-west),Iron II_Yavne (north-west),3,,
Iron IIA_Yavne (north-west),Iron II_Yavne (north-west),3,,
Iron IIA_Yavne (north-west),Iron II_Yavne (north-west),3,,
Roman_Moa,Roman_Horevot Mazada,3,,
Roman_Moa,Roman_Horevot Mazada,3,,
Roman_Moa,Roman_Horevot Mazada,3,,
Roman_Moa,Roman_Horevot Mazada,3,,
Upper Palaeolithic_Me`arat Amira,Upper Palaeolithic_Me`arat ha-Nahal,3,,
Upper Palaeolithic_Me`arat Amira,Upper Palaeolithic_Me`arat ha-Nahal,3,,
Late Bronze II_Hazor- T.,Iron II_Ramat Rahel,1,,
Late Bronze II_Hazor- T.,Iron II_Ramat Rahel,1,,
Roman_Mezad Rahel,Roman_'En Tamar,3,,
Roman_Mezad Rahel,Roman_'En Tamar,3,,
Iron II_Sharuhen- T.,Middle Bronze II_`Ujul- T. el-,1,,
Pre-Pottery Neolithic_Besamon,Pottery Neolithic_Besamon,2,,
Pre-Pottery Neolithic_Besamon,Pottery Neolithic_Besamon,2,,
Pre-Pottery Neolithic_Besamon,Hellenistic_Maresha- T.,1,,
Pre-Pottery Neolithic_Besamon,Pottery Neolithic_Ha-Gosherim- Nili (north),2,,
Pre-Pottery Neolithic_Besamon,Pottery Neolithic_Besamon,2,,
Pre-Pottery Neolithic_Besamon,Pottery Neolithic_Besamon,2,,
Pre-Pottery Neolithic_Besamon,Pre-Pottery Neolithic A_Har Harif,3,,
Pre-Pottery Neolithic_Besamon,Pottery Neolithic_Besamon,2,,
Pre-Pottery Neolithic_Besamon,Pre-Ghassulian Chalcolithic_Ha-Gosherim,2,,
Pre-Pottery Neolithic_Besamon,Late Chalcolithic_Nahal Pattish (Gilat),1,,
Pre-Pottery Neolithic_Besamon,Iron II_Ashqelon- T. Ashqelon,1,,
Pre-Pottery Neolithic_Besamon,Iron II_Ashqelon- T. Ashqelon,1,,
Pre-Pottery Neolithic_Besamon,Pottery Neolithic_Besamon,2,,
Pre-Pottery Neolithic_Besamon,Pottery Neolithic_Besamon,2,,
Late Bronze_Bet She'an- T.,Late Bronze_Gezer- T.,3,,
Late Bronze_Bet She'an- T.,Iron II_Mizpah,1,,
Late Bronze_Bet She'an- T.,Iron IA_Megiddo- T.,1,,
Late Bronze_Bet She'an- T.,Late Bronze II_Megiddo- T.,3,,
Late Bronze_Bet She'an- T.,Middle Bronze II-Late Bronze_`Ujul- T. el-,2,,
Late Bronze_Bet She'an- T.,Middle Bronze II-Late Bronze_`Ujul- T. el-,2,,
Late Bronze_Bet She'an- T.,Middle Bronze II-Late Bronze_`Ujul- T. el-,2,,
Lower Palaeolithic_Me`arat ha-Gulgolet,Lower Palaeolithic_Me`arat Tannur,3,,
Lower Palaeolithic_Me`arat ha-Gulgolet,Lower Palaeolithic_Me`arat Tannur,3,,
Lower Palaeolithic_Me`arat ha-Gulgolet,Lower Palaeolithic_Magharat Umm Qatafa,3,,
Crusader_`Akko,Persian_Zafit- T.,1,,
Crusader_`Akko,Byzantine_Nizzana,1,,
Crusader_`Akko,Byzantine_Nizzana,1,,
Crusader_`Akko,Early Roman_Jerusalem- Old City- Western and Southern Walls,1,,
Crusader_`Akko,Early Roman_Jerusalem- Old City- Western and Southern Walls,1,,
Iron IIA_Qeiyafa- Kh.,Iron II_Bet-Shemesh- T.,3,,
Iron IIA_Qeiyafa- Kh.,Iron II_Bet-Shemesh- T.,3,,
Iron IIA_Qeiyafa- Kh.,Early Islamic_Ramla,1,,
Iron IIA_Qeiyafa- Kh.,Iron II_Lakhish- T.,3,,
Iron I_Sharuhen- T.,Iron I_Bet-Shemesh- T.,3,,
Iron I_Sharuhen- T.,Iron I_Bet-Shemesh- T.,3,,
Iron I_Sharuhen- T.,Iron II_Mizpah,2,,
Iron I_Sharuhen- T.,Late Bronze I_`Ujul- T. el-,1,,
Late Roman_Hedera,Late Roman_Palmahim,3,,
Late Roman_Hedera,Late Roman_Palmahim,3,,
Middle Bronze II_`Atlit,Middle Bronze IIB_Barqai,3,,
Upper Palaeolithic_Me`arot Yonim,Natufian_Me`arat Oren,1,,
Upper Palaeolithic_Me`arot Yonim,Hellenistic_Ha-Gosherim,1,,
Upper Palaeolithic_Me`arot Yonim,Late Bronze II_`Akko- Persian Garden,1,,
Upper Palaeolithic_Me`arot Yonim,Late Bronze II_`Akko- Persian Garden,1,,
Upper Palaeolithic_Me`arot Yonim,Middle Bronze II_`Ujul- T. el-,1,,
Crusader_Caesarea,Iron II_Sharuhen- T.,1,,
Crusader_Caesarea,Crusader_`Atlit,3,,
Crusader_Caesarea,Persian_`Atlit,1,,
Crusader_Caesarea,Persian_`Atlit,1,,
Crusader_Caesarea,Persian_`Atlit,1,,
Late Chalcolithic_Shiqmim (Unofficial name),Natufian_`Enot `Enan,1,,
Late Chalcolithic_Shiqmim (Unofficial name),Natufian_`Enot `Enan,1,,
Pre-Ghassulian Chalcolithic_Ha-Gosherim,Pre-Pottery Neolithic_Besamon,1,,
Pre-Ghassulian Chalcolithic_Ha-Gosherim,Iron IIC_Ashqelon- T. Ashqelon,1,,
Pre-Ghassulian Chalcolithic_Ha-Gosherim,Pottery Neolithic_Ha-Gosherim- Nili (north),2,,
Pre-Ghassulian Chalcolithic_Ha-Gosherim,Iron II_Jerusalem- City of David,1,,
Pre-Ghassulian Chalcolithic_Ha-Gosherim,Pottery Neolithic_Ha-Gosherim- Nili (north),2,,
Pre-Ghassulian Chalcolithic_Ha-Gosherim,Pottery Neolithic_Ha-Gosherim- Nili (north),2,,
Pre-Ghassulian Chalcolithic_Ha-Gosherim,Pottery Neolithic_Ha-Gosherim- Nili (north),2,,
Pre-Ghassulian Chalcolithic_Ha-Gosherim,Pottery Neolithic_Minha- H.,2,,
Pre-Ghassulian Chalcolithic_Ha-Gosherim,Pottery Neolithic_Minha- H.,2,,
Pre-Ghassulian Chalcolithic_Ha-Gosherim,Late Roman_Asherat,1,,
Pre-Ghassulian Chalcolithic_Ha-Gosherim,Hellenistic_Ha-Gosherim,1,,
Pre-Ghassulian Chalcolithic_Ha-Gosherim,Iron II_Jerusalem- City of David,1,,
Byzantine_Gush Halav,Late Bronze_Bet She'an- T.,1,,
Byzantine_Gush Halav,Roman_Bet She'an- T.,2,,
Byzantine_Gush Halav,Late Bronze II_Lakhish- T.,1,,
Byzantine_Gush Halav,Middle Bronze II-Late Bronze_`Ujul- T. el-,1,,
Iron II_Hazor- T.,Iron II_`Arad- T.,3,,
Iron II_Hazor- T.,Iron II_Megiddo- T.,3,,
Iron II_Hazor- T.,Early Roman_Jerusalem- Old City- Jewish Quarter- Area F- M,1,,
Iron II_Hazor- T.,Iron II_Megiddo- T.,3,,
Middle Roman - Late Roman_Jerusalem- Old City- Western and Southern Walls,Early Roman_Jerusalem- Old City- Western and Southern Walls,2,,
Middle Roman - Late Roman_Jerusalem- Old City- Western and Southern Walls,Early Roman_Jerusalem- Old City- Western and Southern Walls,2,,
Mamluk_Bet She'an,Iron II_Lakhish- T.,1,,
Early Roman_Caesarea,Hellenistic_Maresha- T.,2,,
Hellenistic_Anafa- T.,Hellenistic_Maresha- T.,3,,
Hellenistic_Anafa- T.,Hellenistic_Maresha- T.,3,,
Hellenistic_Anafa- T.,Late Chalcolithic_Nahal Pattish (Gilat),1,,
Hellenistic_Anafa- T.,Hellenistic_Maresha- T.,3,,
Late Bronze I_Bet She'an- T.,Late Bronze II_Bet She'an- T.,2,,
Late Bronze I_Bet She'an- T.,Iron II_Bet Mirsham- T.,1,,
Late Bronze I_Bet She'an- T.,Iron IIC-Babylonian-Persian_Ashqelon- T. Ashqelon,1,,
Late Bronze I_Bet She'an- T.,Byzantine_Gush Halav,1,,
Late Bronze I_Bet She'an- T.,Byzantine_Gush Halav,1,,
Early Roman_Jerusalem- Pisgat Ze'ev,Middle Bronze II_Bet She'an- T.,1,,
Early Roman_Jerusalem- Pisgat Ze'ev,Pottery Neolithic_Besamon,1,,
Natufian_`Enot `Enan,Late Hellenistic - Early Roman_Jerusalem- Old City- Jewish Quarter- Area F- M,1,,
Natufian_`Enot `Enan,Pottery Neolithic_Besamon,1,,
Natufian_`Enot `Enan,Pottery Neolithic A_Sha`ar ha-Golan,1,,
Natufian_`Enot `Enan,Hellenistic_Samaria,1,,
Natufian_`Enot `Enan,Pottery Neolithic_Minha- H.,1,,
Natufian_`Enot `Enan,Pottery Neolithic A_Sha`ar ha-Golan,1,,
Natufian_`Enot `Enan,Iron IIC_Ashqelon- T. Ashqelon,1,,
Natufian_`Enot `Enan,Natufian_Me`arot Yonim,3,,
Natufian_`Enot `Enan,Natufian_Me`arot Yonim,3,,
Natufian_`Enot `Enan,Pre-Ghassulian Chalcolithic_Ha-Gosherim,1,,
Natufian_`Enot `Enan,Natufian_Me`arot Yonim,3,,
Natufian_`Enot `Enan,Upper Palaeolithic_Me`arot Yonim,1,,
Roman_`En Gedi,Middle Roman_Nahal Hever,3,,
Roman_`En Gedi,Early Roman_Horevot Mazada,3,,
Roman_`En Gedi,Late Bronze II_Lakhish- T.,1,,
Roman_`En Gedi,Early Roman_`En Gedi,3,,
Roman_`En Gedi,Roman_Horevot Mazada,3,,
Late Bronze II_Gezer- T.,Late Bronze_Gezer- T.,3,,
Late Bronze II_Gezer- T.,Iron II_Ashqelon- T. Ashqelon,2,,
Late Bronze II_Gezer- T.,Middle Bronze II_Neve Ur,2,,
Late Bronze II_Gezer- T.,Iron II_Bet-Shemesh- T.,2,,
Late Bronze I_`Ujul- T. el-,Middle Bronze II_Bet She'an- T.,2,,
Late Bronze I_`Ujul- T. el-,Middle Bronze II_Bet She'an- T.,2,,
Late Bronze I_`Ujul- T. el-,Middle Bronze II-Late Bronze_`Ujul- T. el-,2,,
Late Bronze I_`Ujul- T. el-,Middle Bronze II-Late Bronze_`Ujul- T. el-,2,,
Late Bronze I_`Ujul- T. el-,Byzantine_Zuq el-Fauqani ez-,1,,
Iron IIA_Rehov- T.,Iron IIA_Yavne (north-west),3,,
Iron II_Sheva`- T.,Iron II_`Arad- T.,3,,
Roman_Bet She'an- T.,Pottery Neolithic_Ard es-Samrra,1,,
Roman_Bet She'an- T.,Iron II_Sharuhen- T.,1,,
Roman_Bet She'an- T.,Early Islamic_Ramla,1,,
Roman_Bet She'an- T.,Early Islamic_Ramla,1,,
Early Roman_Horevot Mazada,Persian-Hellenistic_Maresha- T.,2,,
Early Roman_Horevot Mazada,Roman_Nahal Hever,3,,
Early Roman_Horevot Mazada,Early Islamic_Ramla,1,,
Early Roman_Horevot Mazada,Early Islamic_נחל עומר,1,,
Early Roman_Horevot Mazada,Byzantine_`En Gedi,1,,
Early Roman_Horevot Mazada,Byzantine_Nizzana,1,,
Late Roman_Asherat,Late Roman_Makr- el-,2,,
Late Roman_Asherat,Late Roman_Makr- el-,3,,
Late Roman_Asherat,Late Roman_Makr- el-,3,,
Middle Palaeolithic_Magharat Shuqba,Middle Palaeolithic_Zif- Kh.,3,,
Middle Palaeolithic_Magharat Shuqba,Middle Palaeolithic_Zif- Kh.,3,,
Middle Palaeolithic_Magharat Shuqba,Upper Palaeolithic_Me`arat ha-Nahal,1,,
Middle Palaeolithic_Magharat Shuqba,Upper Palaeolithic_Me`arat ha-Nahal,1,,
Middle Bronze IIB_Bet Mirsham- T.,Middle Bronze II_`Atlit,2,,
Middle Bronze IIB_Bet Mirsham- T.,Middle Bronze II_Bet Mirsham- T.,2,,
Middle Bronze IIB_Bet Mirsham- T.,Middle Bronze II_Bet Mirsham- T.,2,,
Persian_Zafit- T.,Iron II_Megiddo- T.,2,,
Persian_Zafit- T.,Iron II_Megiddo- T.,2,,
Persian_Zafit- T.,Early Bronze I_Mizpah,1,,
Hellenistic_Samaria,Pre-Pottery Neolithic B_Nahal Hemar,1,,
Hellenistic_Samaria,Hellenistic_Anafa- T.,3,,
Hellenistic_Samaria,Hellenistic_Anafa- T.,3,,
Early Bronze II-III_`Ai,Pre-Pottery Neolithic B_Jericho- T.,1,,
Early Bronze II-III_`Ai,Pre-Pottery Neolithic B_Jericho- T.,1,,
Early Bronze II-III_`Ai,Early Bronze I_`Ai,3,,
Early Bronze II-III_`Ai,Early Bronze I_`Ai,3,,
Late Chalcolithic_Be'er Sheva`- H. Matar,Late Chalcolithic_Nahal Pattish (Gilat),3,,
Late Chalcolithic_Be'er Sheva`- H. Matar,Early Bronze I_`Ai,2,,
Late Chalcolithic_Be'er Sheva`- H. Matar,Early Bronze II-III_`Ai,2,,
Middle Palaeolithic_Har Qedumim,Pottery Neolithic_Besamon,1,,
Byzantine_Bet She'an,Ottoman_Panias- H.,1,,
Byzantine_Bet She'an,Iron II_Ashqelon- T. Ashqelon,1,,
Byzantine_Bet She'an,Middle Bronze II_`Ujul- T. el-,1,,
Byzantine_Bet She'an,Middle Bronze II_`Ujul- T. el-,1,,
Late Bronze_Megiddo- T.,Late Bronze II_Megiddo- T.,3,,
Lower Palaeolithic_Me`arat Tannur,Middle Palaeolithic_Me`arat Tannur,1,,
Lower Palaeolithic_Me`arat Tannur,Pottery Neolithic A_Sha`ar ha-Golan,1,,
Lower Palaeolithic_Me`arat Tannur,Middle Palaeolithic_Me`arat Tannur,1,,
Lower Palaeolithic_Me`arat Tannur,Middle Palaeolithic_Me`arat Tannur,1,,
Lower Palaeolithic_Me`arat Tannur,Middle Palaeolithic_Me`arat ha-Gulgolet,1,,
Lower Palaeolithic_Me`arat Tannur,Middle Palaeolithic_Me`arat Tannur,1,,
Byzantine_Zuq el-Fauqani ez-,Late Chalcolithic_Be'er Sheva`- H. Matar,1,,
Byzantine_Zuq el-Fauqani ez-,Iron II_Megiddo- T.,1,,
Byzantine_Mesad Boqeq,Early Islamic_נחל עומר,1,,
Byzantine_Mesad Boqeq,Early Roman_Horevot Mazada,2,,
Byzantine_Mesad Boqeq,Roman_Christmas Cave- Nahal Qidron,2,,
Middle Bronze IIB_Bet She'an- T.,Roman_Wadi Murabba,1,,
Middle Bronze IIB_Bet She'an- T.,Middle Bronze II_`Ujul- T. el-,3,,
Middle Bronze IIB_Bet She'an- T.,Persian_Magharat Abu Shinja,1,,
Late Bronze II_Afeq,Byzantine_Caesarea,1,,
Late Bronze II_Afeq,Iron IIC_Ashqelon- T. Ashqelon,1,,
Middle Bronze II_Jisr- el-,Middle Roman - Late Roman_Jerusalem- Old City- Western and Southern Walls,1,,
Middle Bronze II_Jisr- el-,Early Roman_Caesarea,1,,
Middle Bronze II_Jisr- el-,Middle Roman - Late Roman_Jerusalem- Old City- Western and Southern Walls,1,,
Roman_Christmas Cave- Nahal Qidron,Early Roman_Horevot Mazada,3,,
Roman_Christmas Cave- Nahal Qidron,Early Islamic_נחל עומר,1,,
Roman_`Alya- Kh.,Early Roman_Jerusalem- Giv`at ha-Mivtar,3,,
Middle Bronze II_Bet-Shemesh- T.,Middle Bronze II_Jericho- T.,3,,
Middle Bronze II_Bet-Shemesh- T.,Middle Bronze II_Jericho- T.,3,,
Persian_Lakhish- T.,Byzantine_`En Gedi,2,,
Persian_Lakhish- T.,Middle Bronze II_Afeq,1,,
Persian_Lakhish- T.,Middle Bronze II_Afeq,1,,
Roman_Nahal Mishmar- Cave of the Treasure,Late Chalcolithic_Nahal Mishmar- Cave of the Treasure,1,,
Roman_Nahal Mishmar- Cave of the Treasure,Roman_Moa,3,,
Early Roman_Mezad Rahel,Upper Palaeolithic_Me`arot Yonim,1,,
Early Roman_Mezad Rahel,Pre-Pottery Neolithic B_Nahal Hemar,1,,
Early Roman_Mezad Rahel,Roman_Moa,3,,
Middle Roman_`En Gedi,Late Bronze_Megiddo- T.,1,,
Middle Roman_`En Gedi,Roman_Horevot Mazada,3,,
Middle Roman_`En Gedi,Pottery Neolithic_Sha`ar ha-Golan,1,,
Pottery Neolithic_Ard es-Samrra,Late Chalcolithic_Nahal Pattish (Gilat),2,,
Pottery Neolithic_Ard es-Samrra,Late Chalcolithic_Nahal Pattish (Gilat),2,,
Late Byzantine_Nizzana,Byzantine_Nizzana,3,,
Late Chalcolithic_Nahal Pattish (Gilat),Natufian_`Enot `Enan,1,,
Late Chalcolithic_Nahal Pattish (Gilat),Natufian_`Enot `Enan,1,,
Late Chalcolithic_Nahal Pattish (Gilat),Pottery Neolithic_Hamadya,2,,
Late Chalcolithic_Nahal Pattish (Gilat),Pottery Neolithic_Besamon,2,,
Late Chalcolithic_Nahal Pattish (Gilat),Pottery Neolithic_Besamon,2,,
Late Chalcolithic_Nahal Pattish (Gilat),Early Roman_Jerusalem- Old City- Western and Southern Walls,1,,
Pottery Neolithic_Ha-Gosherim- Nili (north),Upper Palaeolithic_Nahal Zin,1,,
Pottery Neolithic_Ha-Gosherim- Nili (north),Late Chalcolithic_Nahal Pattish (Gilat),2,,
Pottery Neolithic_Ha-Gosherim- Nili (north),Pre-Ghassulian Chalcolithic_Ha-Gosherim,2,,
Pottery Neolithic_Ha-Gosherim- Nili (north),Natufian_`Enot `Enan,1,,
Pottery Neolithic_Ha-Gosherim- Nili (north),Upper Palaeolithic_Me`arat Amira,1,,
Pottery Neolithic_Ha-Gosherim- Nili (north),Natufian_`Enot `Enan,1,,
Pottery Neolithic_Ha-Gosherim- Nili (north),Pottery Neolithic_Ard es-Samrra,3,,
Pottery Neolithic_Ha-Gosherim- Nili (north),Upper Palaeolithic_Me`arat Amira,1,,
Pottery Neolithic_Ha-Gosherim- Nili (north),Pre-Pottery Neolithic_Besamon,2,,
Persian-Hellenistic_Maresha- T.,Middle Bronze II_Afeq,1,,
Persian-Hellenistic_Maresha- T.,Iron II_Jerusalem- City of David,1,,
Persian-Hellenistic_Maresha- T.,Hellenistic_Maresha- T.,3,,
Persian-Hellenistic_Maresha- T.,Hellenistic_Maresha- T.,3,,
Persian-Hellenistic_Maresha- T.,Hellenistic_Maresha- T.,3,,
Middle Bronze II_`Ujul- T. el-,Early Bronze I_`Ai,2,,
Middle Bronze II_`Ujul- T. el-,Early Bronze I_`Ai,2,,
Middle Bronze II_`Ujul- T. el-,Early Bronze I_Megiddo- T.,2,,
Middle Bronze II_`Ujul- T. el-,Middle Bronze II-Late Bronze_`Ujul- T. el-,3,,
Middle Bronze II_`Ujul- T. el-,Iron II_Lakhish- T.,1,,
Middle Bronze II_`Ujul- T. el-,Iron II_Lakhish- T.,1,,
Middle Bronze II_`Ujul- T. el-,Middle Bronze II_Bet Mirsham- T.,3,,
Middle Bronze II_`Ujul- T. el-,Middle Bronze II_Bet Mirsham- T.,3,,
Early Bronze III_Jericho- T.,Natufian_Me`arat Kebara,1,,
Early Bronze III_Jericho- T.,Early Bronze I_Mizpah,2,,
Early Bronze III_Jericho- T.,Early Bronze I_Mizpah,2,,
Early Bronze III_Jericho- T.,Middle Bronze I_Megiddo- T.,2,,
Early Bronze III_Jericho- T.,Middle Bronze I_Megiddo- T.,2,,
Early Bronze III_Jericho- T.,Late Bronze II_`Ujul- T. el-,2,,
Early Bronze III_Jericho- T.,Early Bronze I_Megiddo- T.,2,,
Early Bronze III_Jericho- T.,Early Bronze I_Mizpah,2,,
Early Bronze III_Jericho- T.,Early Bronze I_Mizpah,2,,
Early Bronze III_Jericho- T.,Natufian_Me`arat ha-Nahal,1,,
Early Bronze III_Jericho- T.,Natufian_Me`arat Kebara,1,,
Iron II_Yavne (north-west),Iron IIA_Yavne (north-west),3,,
Iron II_Yavne (north-west),Iron IIA_Yavne (north-west),3,,
Iron IA_Megiddo- T.,Byzantine_Nizzana,1,,
Iron IA_Megiddo- T.,Iron I_Bet-Shemesh- T.,3,,
Iron IA_Megiddo- T.,Pre-Pottery Neolithic B_Minha- H.,1,,
Iron IA_Megiddo- T.,Late Bronze II_Lakhish- T.,2,,
Iron IA_Megiddo- T.,Iron I_Bet-Shemesh- T.,3,,
Iron IA_Megiddo- T.,Iron II_Bet-Shemesh- T.,2,,
Iron IA_Megiddo- T.,Pottery Neolithic_Minha- H.,1,,
Late Bronze II_Bet She'an- T.,Pre-Ghassulian Chalcolithic_Ha-Gosherim,1,,
Late Bronze II_Bet She'an- T.,Pre-Ghassulian Chalcolithic_Ha-Gosherim,1,,
Late Bronze II_Bet She'an- T.,Late Bronze I_Bet She'an- T.,2,,
Late Bronze II_Bet She'an- T.,Persian_Zafit- T.,1,,
Late Bronze II_Megiddo- T.,Byzantine_Zuq el-Fauqani ez-,1,,
Late Bronze II_Megiddo- T.,Late Bronze II_`Ujul- T. el-,3,,
Late Bronze II_Megiddo- T.,Late Bronze II_`Ujul- T. el-,3,,
Late Bronze II_Megiddo- T.,Late Bronze II_`Ujul- T. el-,3,,
Late Bronze II_Megiddo- T.,Natufian_Magharat Shuqba,1,,
Late Bronze II_Megiddo- T.,Middle Bronze II_Megiddo- T.,2,,
Pottery Neolithic_Besamon,Pottery Neolithic_Ha-Gosherim- Nili (north),3,,
Pottery Neolithic_Besamon,Pre-Pottery Neolithic_Besamon,2,,
Pottery Neolithic_Besamon,Late Hellenistic - Early Roman_Jerusalem- Old City- Jewish Quarter- Area F- M,1,,
Pottery Neolithic_Besamon,Pre-Pottery Neolithic_Besamon,2,,
Pottery Neolithic_Besamon,Pre-Pottery Neolithic_Besamon,2,,
Pottery Neolithic_Besamon,Pottery Neolithic A_Sha`ar ha-Golan,3,,
Early Roman_Jerusalem- Old City- Jewish Quarter- Area F- M,Byzantine_Nizzana,2,,
Early Roman_Jerusalem- Old City- Jewish Quarter- Area F- M,Early Roman_Horevot Mazada,3,,
Early Roman_Jerusalem- Old City- Jewish Quarter- Area F- M,Early Roman_`En Gedi,3,,
Early Roman_Jerusalem- Old City- Jewish Quarter- Area F- M,Natufian_`Enot `Enan,1,,
Early Roman_Jerusalem- Old City- Jewish Quarter- Area F- M,Late Chalcolithic_Nahal Pattish (Gilat),1,,
Early Roman_Jerusalem- Old City- Jewish Quarter- Area F- M,Crusader_Caesarea,1,,
Early Roman_Jerusalem- Old City- Jewish Quarter- Area F- M,Roman_Jerusalem- `En Rogel,3,,
Early Roman_Jerusalem- Old City- Jewish Quarter- Area F- M,Roman_Jerusalem- `En Rogel,3,,
Late Chalcolithic_Nahal Mishmar- Cave of the Treasure,Persian_Nahal tut,1,,
Late Chalcolithic_Nahal Mishmar- Cave of the Treasure,Pre-Pottery Neolithic B_Nahal Hemar,1,,
Late Chalcolithic_Nahal Mishmar- Cave of the Treasure,Roman_Mezad Rahel,1,,
Late Chalcolithic_Nahal Mishmar- Cave of the Treasure,Hellenistic_Maresha- T.,1,,
Late Chalcolithic_Nahal Mishmar- Cave of the Treasure,Pre-Pottery Neolithic B_Nahal Hemar,1,,
Late Chalcolithic_Nahal Mishmar- Cave of the Treasure,Roman_Horevot Mazada,1,,
Late Chalcolithic_Nahal Mishmar- Cave of the Treasure,Persian_Nahal tut,1,,
Late Chalcolithic_Nahal Mishmar- Cave of the Treasure,Byzantine_Mesad Boqeq,1,,
Late Chalcolithic_Nahal Mishmar- Cave of the Treasure,Roman_Nahal Mishmar- Cave of the Treasure,1,,
Late Chalcolithic_Nahal Mishmar- Cave of the Treasure,Roman_Nahal Mishmar- Cave of the Treasure,1,,
Lower Palaeolithic_Gesher Benot Ya`aqov,Lower Palaeolithic_`Ovadya- T.- Prehistoric site,3,,
Late Bronze II_`Ujul- T. el-,Late Bronze II_Megiddo- T.,3,,
Late Bronze II_`Ujul- T. el-,Iron IIC-Babylonian-Persian_Ashqelon- T. Ashqelon,1,,
Late Bronze II_`Ujul- T. el-,Late Bronze II_Megiddo- T.,3,,
Late Bronze II_`Ujul- T. el-,Middle Bronze II-Late Bronze_`Ujul- T. el-,2,,
Late Bronze II_`Ujul- T. el-,Middle Bronze II-Late Bronze_`Ujul- T. el-,2,,
Late Bronze II_`Ujul- T. el-,Middle Bronze II-Late Bronze_`Ujul- T. el-,2,,
Late Bronze II_`Ujul- T. el-,Iron II_Akhziv,1,,
Late Bronze II_`Ujul- T. el-,Iron II_Akhziv,1,,
Late Bronze II_`Ujul- T. el-,Iron II_Akhziv,1,,
Iron IIC_Ashqelon- T. Ashqelon,Natufian_Me`arat Oren,1,,
Iron IIC_Ashqelon- T. Ashqelon,Iron IIC_Akhziv,3,,
Iron IIC_Ashqelon- T. Ashqelon,Iron II_Ashqelon- T. Ashqelon,3,,
Iron IIC_Ashqelon- T. Ashqelon,Iron II_Ashqelon- T. Ashqelon,3,,
Iron IIC_Ashqelon- T. Ashqelon,Iron II_Ashqelon- T. Ashqelon,3,,
Iron IIC_Ashqelon- T. Ashqelon,Iron II_Ashqelon- T. Ashqelon,3,,
Iron IIC_Ashqelon- T. Ashqelon,Iron II_Ashqelon- T. Ashqelon,3,,
Iron I_Megiddo- T.,Byzantine_Nizzana,1,,
Iron I_Megiddo- T.,Early Bronze IB_`En Besor,1,,
Iron I_Megiddo- T.,Pre-Pottery Neolithic B_Nahal Hemar,1,,
Iron I_Megiddo- T.,Early Bronze I_`Ai,1,,
Iron I_Megiddo- T.,Iron II_Megiddo- T.,2,,
Iron I_Megiddo- T.,Early Bronze I_`Ai,1,,
Iron I_Megiddo- T.,Late Bronze I_`Ujul- T. el-,2,,
Iron I_Megiddo- T.,Iron IIC-Babylonian-Persian_Ashqelon- T. Ashqelon,2,,
Late Bronze II_Haifa- T. Abu Hawwam,Natufian_Me`arat ha-Nahal,1,,
Late Bronze II_Haifa- T. Abu Hawwam,Crusader_`Atlit,1,,
Late Bronze II_Haifa- T. Abu Hawwam,Middle Roman_Nahal Hever,1,,
Late Bronze II_Haifa- T. Abu Hawwam,Iron II_Akhziv,1,,
Late Bronze II_Haifa- T. Abu Hawwam,Iron II_Akhziv,1,,
Late Bronze II_Haifa- T. Abu Hawwam,Late Bronze II_Lakhish- T.,3,,
Late Bronze II_Haifa- T. Abu Hawwam,Middle Bronze II-Late Bronze_Megiddo- T.,2,,
Late Bronze II_Haifa- T. Abu Hawwam,Late Bronze II_Lakhish- T.,3,,
Late Bronze II_Haifa- T. Abu Hawwam,Late Bronze II_Lakhish- T.,3,,
Late Bronze II_Haifa- T. Abu Hawwam,Late Bronze II_Lakhish- T.,3,,
Late Bronze II_Haifa- T. Abu Hawwam,Late Bronze II_Lakhish- T.,3,,
Late Bronze II_Haifa- T. Abu Hawwam,Late Bronze II_Lakhish- T.,3,,
Pre-Pottery Neolithic B_Minha- H.,Umayyad_Mafjar- Kh. el-,1,,
Pre-Pottery Neolithic B_Minha- H.,Pottery Neolithic_Minha- H.,2,,
Pre-Pottery Neolithic B_Minha- H.,Pottery Neolithic_Minha- H.,2,,
Pre-Pottery Neolithic B_Minha- H.,Pottery Neolithic_Minha- H.,2,,
Pre-Pottery Neolithic B_Minha- H.,Pottery Neolithic_Minha- H.,2,,
Middle Bronze II_Jericho- T.,Middle Bronze II_Megiddo- T.,3,,
Middle Bronze II_Jericho- T.,Middle Bronze II_`Ujul- T. el-,3,,
Middle Bronze II_Jericho- T.,Middle Bronze I_Megiddo- T.,2,,
Middle Bronze II_Jericho- T.,Middle Bronze I_Megiddo- T.,2,,
Middle Bronze II_Jericho- T.,Middle Bronze II_Bet She'an- T.,3,,
Middle Bronze II_Jericho- T.,Middle Bronze II_Bet She'an- T.,3,,
Middle Palaeolithic_Me`arat Tannur,Upper Palaeolithic_Me`arat Kebara,1,,
Middle Palaeolithic_Me`arat Tannur,Middle Palaeolithic_Har Qedumim,3,,
Middle Palaeolithic_Me`arat Tannur,Middle Palaeolithic_Har Qedumim,3,,
Middle Palaeolithic_Me`arat Tannur,Middle Palaeolithic_Har Qedumim,3,,
Middle Palaeolithic_Me`arat Tannur,Lower Palaeolithic_Me`arat Tannur,1,,
Late Hellenistic - Early Roman_Jerusalem- Old City- Jewish Quarter- Area F- M,Byzantine_`En Gedi,2,,
Late Hellenistic - Early Roman_Jerusalem- Old City- Jewish Quarter- Area F- M,Byzantine_`En Gedi,2,,
Late Hellenistic - Early Roman_Jerusalem- Old City- Jewish Quarter- Area F- M,Early Islamic_Caesarea,2,,
Late Hellenistic - Early Roman_Jerusalem- Old City- Jewish Quarter- Area F- M,Early Roman_Jerusalem- City of David,2,,
Late Hellenistic - Early Roman_Jerusalem- Old City- Jewish Quarter- Area F- M,Late Bronze_Bet She'an- T.,1,,
Late Hellenistic - Early Roman_Jerusalem- Old City- Jewish Quarter- Area F- M,Early Roman_Jerusalem- City of David,2,,
Late Hellenistic - Early Roman_Jerusalem- Old City- Jewish Quarter- Area F- M,Late Hellenistic_Jerusalem- Old City,2,,
Late Hellenistic - Early Roman_Jerusalem- Old City- Jewish Quarter- Area F- M,Late Bronze II_Dan- T.,1,,
Late Hellenistic - Early Roman_Jerusalem- Old City- Jewish Quarter- Area F- M,Early Roman_Jerusalem- Old City- Jewish Quarter- Area F- M,2,,
Late Hellenistic - Early Roman_Jerusalem- Old City- Jewish Quarter- Area F- M,Early Roman_Jerusalem- City of David,2,,
Late Hellenistic - Early Roman_Jerusalem- Old City- Jewish Quarter- Area F- M,Early Roman_Jerusalem- Old City- Jewish Quarter- Area F- M,2,,
Iron II_Jerusalem- City of David,Hellenistic_Maresha- T.,1,,
Iron II_Jerusalem- City of David,Hellenistic_Maresha- T.,1,,
Iron II_Jerusalem- City of David,Hellenistic_Maresha- T.,1,,
Iron II_Jerusalem- City of David,Iron II_Ramat Rahel,3,,
Iron II_Jerusalem- City of David,Iron II_Jerusalem- Old City- Western and Southern Walls,3,,
Iron II_Jerusalem- City of David,Iron II_Ramat Rahel,3,,
Iron II_Jerusalem- City of David,Iron II_Jerusalem- Old City- Western and Southern Walls,3,,
Iron II_Jerusalem- City of David,Iron II_Ramat Rahel,3,,
Iron II_Jerusalem- City of David,Iron II_Ramat Rahel,3,,
Iron II_Jerusalem- City of David,Iron II_Jerusalem- Old City- Western and Southern Walls,3,,
Iron II_Jerusalem- City of David,Iron II_Ramat Rahel,3,,
Iron II_Jerusalem- City of David,Iron II_Jerusalem- Old City- Western and Southern Walls,3,,
Iron II_Jerusalem- City of David,Iron II_`Arad- T.,3,,
Iron II_Jerusalem- City of David,Iron II_`Arad- T.,3,,
Iron II_Ashqelon- T. Ashqelon,Natufian_Me`arot Yonim,1,,
Iron II_Ashqelon- T. Ashqelon,Early Roman_Jerusalem- Old City- Jewish Quarter- Area F- M,1,,
Iron II_Ashqelon- T. Ashqelon,Middle Bronze II-Late Bronze_`Ujul- T. el-,1,,
Iron II_Akhziv,Iron II_Lakhish- T.,3,,
Iron II_Akhziv,Iron II_Ramat Rahel,3,,
Iron II_Akhziv,Early Bronze I_`Ai,1,,
Iron II_Akhziv,Early Bronze II-III_`Ai,1,,
Iron II_Akhziv,Early Bronze II-III_`Ai,1,,
Iron II_Akhziv,Hellenistic_Anafa- T.,1,,
Iron II_Akhziv,Roman_Jerusalem- Binyane ha-Umma,1,,
Early Islamic_Ramla,Upper Palaeolithic_Nahal Zin,1,,
Early Islamic_Ramla,Early Islamic_Caesarea,3,,
Early Islamic_Ramla,Iron II_Ashqelon- T. Ashqelon,1,,
Early Islamic_Ramla,Pottery Neolithic A_Sha`ar ha-Golan,1,,
Early Islamic_Ramla,Hellenistic_Maresha- T.,1,,
Early Islamic_Ramla,Early Roman_Jerusalem- `En Rogel,1,,
Late Bronze II_`Akko- Persian Garden,Late Chalcolithic_Be'er Sheva`- H. Zafad,1,,
Late Bronze II_`Akko- Persian Garden,Late Bronze_Gezer- T.,3,,
Late Bronze II_`Akko- Persian Garden,Middle Bronze II_Nahariyya- Canaanite Temple,2,,
Late Bronze_Gezer- T.,Late Bronze II_Haifa- T. Abu Hawwam,3,,
Late Bronze_Gezer- T.,Late Bronze II_Haifa- T. Abu Hawwam,3,,
Late Bronze_Gezer- T.,Late Bronze II_Gezer- T.,3,,
Byzantine_`En Gedi,Early Roman_Jerusalem- Old City,2,,
Byzantine_`En Gedi,Iron II_Lakhish- T.,1,,
Byzantine_`En Gedi,Iron II_Lakhish- T.,1,,
Byzantine_`En Gedi,Iron II_Lakhish- T.,1,,
Lower Palaeolithic_Ma’yan Baruch,Lower Palaeolithic_Me`arat Tannur,3,,
Roman_Jerusalem- `En Rogel,Early Roman_Caesarea,3,,
Roman_Jerusalem- `En Rogel,Hellenistic_Maresha- T.,2,,
Roman_Wadi Murabba,Iron II_Jerusalem- City of David,1,,
Roman_Wadi Murabba,Early Roman_Horevot Mazada,3,,
Roman_Wadi Murabba,Roman_Horevot Mazada,3,,
Pre-Pottery Neolithic B_Nahal Hemar,Roman_Horevot Mazada,1,,
Pre-Pottery Neolithic B_Nahal Hemar,Middle Roman_`En Gedi,1,,
Pre-Pottery Neolithic B_Nahal Hemar,Middle Palaeolithic_Me`arat ha-Gulgolet,1,,
Pre-Pottery Neolithic B_Nahal Hemar,Late Chalcolithic_Nahal Pattish (Gilat),2,,
Pre-Pottery Neolithic B_Nahal Hemar,Iron II_`Arad- T.,1,,
Pre-Pottery Neolithic B_Nahal Hemar,Early Roman_Horevot Mazada,1,,
Pre-Pottery Neolithic B_Nahal Hemar,Early Roman_Horevot Mazada,1,,
Pre-Pottery Neolithic B_Nahal Hemar,Upper Palaeolithic_Me`arot Yonim,1,,
Pre-Pottery Neolithic B_Nahal Hemar,Lower Palaeolithic_`Ovadya- T.- Prehistoric site,1,,
Pre-Pottery Neolithic B_Nahal Hemar,Iron II_Ashqelon- T. Ashqelon,1,,
Pre-Pottery Neolithic B_Nahal Hemar,Iron II_Ashqelon- T. Ashqelon,1,,
Middle Bronze II_Bet She'an- T.,Late Hellenistic - Early Roman_Jerusalem- Old City- Jewish Quarter- Area F- M,1,,
Middle Bronze II_Bet She'an- T.,Late Bronze II_Bet She'an- T.,2,,
Middle Bronze II_Bet She'an- T.,Late Bronze II_Bet She'an- T.,2,,
Middle Bronze II_Bet She'an- T.,Late Roman - Byzantine_Holot Qesari (south),1,,
Middle Bronze II_Bet She'an- T.,Middle Bronze II_`Ujul- T. el-,3,,
Middle Bronze II_Bet She'an- T.,Middle Bronze II_`Ujul- T. el-,3,,
Middle Bronze II_Bet She'an- T.,Middle Bronze II_Bet Mirsham- T.,3,,
Middle Bronze II_Bet She'an- T.,Middle Bronze II_Bet Mirsham- T.,3,,
Middle Bronze II_Bet She'an- T.,Middle Bronze II_Bet Mirsham- T.,3,,
Middle Bronze II_Bet She'an- T.,Late Bronze II_Bet She'an- T.,2,,
Middle Bronze II_Bet She'an- T.,Late Bronze II_Bet She'an- T.,2,,
Early Roman_Jerusalem- Old City- Western and Southern Walls,Natufian_Me`arat ha-Nahal,1,,
Iron II_Samaria,Iron II_Bet Mirsham- T.,3,,
Iron II_Samaria,Iron II_Bet-Shemesh- T.,3,,
Iron II_Samaria,Iron II_Bet-Shemesh- T.,3,,
Iron II_Samaria,Persian_Zafit- T.,2,,
Iron II_Samaria,Iron II_Lakhish- T.,3,,
Early Bronze II_`Arad- T.,Middle Bronze II_Neve Ur,2,,
Early Bronze II_`Arad- T.,Pottery Neolithic_Hamadya,1,,
Early Bronze II_`Arad- T.,Middle Bronze II_Bet Mirsham- T.,2,,
Early Bronze II_`Arad- T.,Middle Bronze IIB_Bet Mirsham- T.,2,,
Early Bronze II_`Arad- T.,Late Bronze II_Haifa- T. Abu Hawwam,2,,
Early Bronze II_`Arad- T.,Early Roman_Jerusalem- City of David,1,,
Early Bronze II_`Arad- T.,Iron II_Megiddo- T.,1,,
Iron II_Mezad Hazeva,Iron I_Megiddo- T.,2,,
Iron II_Mezad Hazeva,Iron II_Megiddo- T.,3,,
Iron II_Megiddo- T.,Iron II_Bet Mirsham- T.,3,,
Iron II_Megiddo- T.,Fatimid_Tiberias and Hammat,1,,
Iron II_Megiddo- T.,Early Roman_Caesarea,1,,
Iron II_Megiddo- T.,Early Roman_Caesarea,1,,
Iron II_Megiddo- T.,Byzantine_Nizzana,1,,
Iron II_Megiddo- T.,Iron II_Akhziv,1,,
Iron II_Megiddo- T.,Iron II_Akhziv,3,,
Iron II_Megiddo- T.,Persian_Lakhish- T.,2,,
Iron II_Megiddo- T.,Iron I_Megiddo- T.,2,,
Iron II_Megiddo- T.,Iron II_Lakhish- T.,3,,
Iron II_Megiddo- T.,Iron II_Lakhish- T.,3,,
Iron II_Megiddo- T.,Iron II_Bet-Shemesh- T.,3,,
Persian_Jerusalem- City of David,Iron II_Jerusalem- City of David,2,,
Persian_Jerusalem- City of David,Iron II_Ramat Rahel,2,,
Persian_Jerusalem- City of David,Iron II_Jerusalem- Old City- Western and Southern Walls,2,,
Persian_Jerusalem- City of David,Iron II_Jerusalem- City of David,2,,
Persian_Jerusalem- City of David,Iron II_Jerusalem- City of David,2,,
Persian_Jerusalem- City of David,Iron II_Jerusalem- City of David,2,,
Middle Bronze II_Nahariyya- Canaanite Temple,Persian_`Atlit,1,,
Middle Bronze II_Nahariyya- Canaanite Temple,Early Islamic_Caesarea,1,,
Middle Bronze II_Nahariyya- Canaanite Temple,Iron IIC_Ashqelon- T. Ashqelon,1,,
Middle Bronze II_Nahariyya- Canaanite Temple,Middle Roman_Nahal Hever,1,,
Middle Bronze II-Late Bronze_`Ujul- T. el-,Iron II_Sharuhen- T.,1,,
Middle Bronze II-Late Bronze_`Ujul- T. el-,Iron II_Sheva`- T.,1,,
Middle Bronze II-Late Bronze_`Ujul- T. el-,Byzantine_`En Gedi,1,,
Middle Bronze II-Late Bronze_`Ujul- T. el-,Iron II_Bet Mirsham- T.,1,,
Middle Bronze II-Late Bronze_`Ujul- T. el-,Late Bronze II_Haifa- T. Abu Hawwam,2,,
Middle Bronze II-Late Bronze_`Ujul- T. el-,Fatimid_Tiberias and Hammat,1,,
Middle Bronze II-Late Bronze_`Ujul- T. el-,Fatimid_Tiberias and Hammat,1,,
Middle Bronze II-Late Bronze_`Ujul- T. el-,Late Bronze II_Megiddo- T.,2,,
Middle Bronze II-Late Bronze_`Ujul- T. el-,Late Bronze_Bet She'an- T.,2,,
Middle Bronze II-Late Bronze_`Ujul- T. el-,Late Bronze I_`Ujul- T. el-,2,,
Middle Bronze II-Late Bronze_`Ujul- T. el-,Early Bronze III_Jericho- T.,2,,
Middle Bronze II-Late Bronze_`Ujul- T. el-,Byzantine_Nizzana,1,,
Middle Bronze II-Late Bronze_`Ujul- T. el-,Natufian_Me`arat ha-Nahal,1,,
Middle Bronze II-Late Bronze_`Ujul- T. el-,Middle Bronze II_Megiddo- T.,3,,
Middle Bronze II-Late Bronze_`Ujul- T. el-,Middle Bronze II_`Atlit,3,,
Middle Bronze II-Late Bronze_`Ujul- T. el-,Middle Bronze II_`Ujul- T. el-,3,,
Middle Bronze II-Late Bronze_`Ujul- T. el-,Iron II_Megiddo- T.,1,,
Middle Bronze II-Late Bronze_`Ujul- T. el-,Iron II_Megiddo- T.,1,,
Iron II_Bet-Shemesh- T.,Natufian_Me`arat Kebara,1,,
Iron II_Bet-Shemesh- T.,Natufian_Me`arat Kebara,1,,
Iron II_Bet-Shemesh- T.,Iron II_Lakhish- T.,3,,
Iron II_Bet-Shemesh- T.,Iron II_Lakhish- T.,3,,
Iron II_Bet-Shemesh- T.,Iron II_Ramat Rahel,3,,
Iron II_Bet Mirsham- T.,Pre-Pottery Neolithic B_Minha- H.,1,,
Iron II_Bet Mirsham- T.,Iron II_Lakhish- T.,3,,
Iron II_Bet Mirsham- T.,Iron II_Lakhish- T.,3,,
Iron II_Bet Mirsham- T.,Iron II_Lakhish- T.,3,,
Pre-Pottery Neolithic B_Yiftah'el- H.,Iron IIC_Ashqelon- T. Ashqelon,1,,
Pre-Pottery Neolithic B_Yiftah'el- H.,Iron IIC_Ashqelon- T. Ashqelon,1,,
Pre-Pottery Neolithic B_Yiftah'el- H.,Natufian_Me`arot Yonim,1,,
Pre-Pottery Neolithic B_Yiftah'el- H.,Upper Palaeolithic_Nahal Zin,1,,
Pre-Pottery Neolithic B_Yiftah'el- H.,Pre-Pottery Neolithic_Besamon,3,,
Pre-Pottery Neolithic B_Yiftah'el- H.,Natufian_`Enot `Enan,1,,
Pre-Pottery Neolithic B_Yiftah'el- H.,Middle Bronze II_Bet She'an- T.,1,,
Pre-Pottery Neolithic B_Yiftah'el- H.,Pre-Ghassulian Chalcolithic_Ha-Gosherim,1,,
Late Bronze II_Lakhish- T.,Late Hellenistic_Jerusalem- Old City,1,,
Late Bronze II_Lakhish- T.,Iron II_Lakhish- T.,1,,
Late Bronze II_Lakhish- T.,Byzantine_Bet She'an,1,,
Late Bronze II_Lakhish- T.,Late Bronze_Gezer- T.,3,,
Late Bronze II_Lakhish- T.,Iron II_Lakhish- T.,1,,
Late Bronze II_Lakhish- T.,Middle Bronze II-Late Bronze_`Ujul- T. el-,2,,
Late Bronze II_Lakhish- T.,Fatimid_Caesarea,1,,
Late Bronze II_Lakhish- T.,Fatimid_Caesarea,1,,
Late Bronze II_Lakhish- T.,Fatimid_Caesarea,1,,
Late Bronze II_Lakhish- T.,Fatimid_Caesarea,1,,
Late Bronze II_Lakhish- T.,Middle Bronze II_`Ujul- T. el-,2,,
Iron II_Bet She'an- T.,Natufian_Me`arat ha-Nahal,1,,
Iron II_Bet She'an- T.,Natufian_Me`arat ha-Nahal,1,,
Early Bronze IB_Kfar Monash,Iron II_Ashqelon- T. Ashqelon,1,,
Early Bronze IB_Kfar Monash,Middle Bronze II_`Ujul- T. el-,2,,
Middle Bronze II_Bet Mirsham- T.,Middle Bronze II-Late Bronze_`Ujul- T. el-,3,,
Middle Bronze II_Bet Mirsham- T.,Middle Bronze II_Jericho- T.,3,,
Middle Bronze II_Bet Mirsham- T.,Roman_'En Tamar,1,,
Middle Bronze II_Bet Mirsham- T.,Middle Bronze IIB_Bet Mirsham- T.,3,,
Middle Bronze II_Bet Mirsham- T.,Iron IIC_Akhziv,1,,
Middle Bronze II_Bet Mirsham- T.,Middle Bronze IIB_Bet Mirsham- T.,3,,
Middle Bronze II_Bet Mirsham- T.,Middle Bronze II_Jericho- T.,3,,
Middle Bronze II_Bet Mirsham- T.,Middle Bronze II_Jericho- T.,3,,
Iron II_Ramat Rahel,Iron II_Jerusalem- City of David,3,,
Iron II_Ramat Rahel,Iron II_Jerusalem- Old City- Western and Southern Walls,3,,
Iron II_Ramat Rahel,Iron II_Jerusalem- Old City- Western and Southern Walls,3,,
Iron II_Ramat Rahel,Iron II_Jerusalem- Old City- Western and Southern Walls,3,,
Iron II_Ramat Rahel,Iron II_Jerusalem- City of David,3,,
Natufian_Magharat Shuqba,Natufian_Me`arat ha-Nahal,3,,
Natufian_Magharat Shuqba,Natufian_Me`arat ha-Nahal,3,,
Natufian_Magharat Shuqba,Natufian_Me`arat ha-Nahal,3,,
Natufian_Magharat Shuqba,Natufian_Me`arat ha-Nahal,3,,
Natufian_Magharat Shuqba,Natufian_Me`arat ha-Nahal,3,,
Early Roman_Jerusalem- Old City,Late Hellenistic_Jerusalem- Old City,2,,
Early Roman_Jerusalem- Old City,Iron IIC_Ashqelon- T. Ashqelon,1,,
Early Roman_Jerusalem- Old City,Late Hellenistic - Early Roman_Jerusalem- Old City- Jewish Quarter- Area F- M,2,,
Early Roman_Jerusalem- Old City,Iron IIC_Ashqelon- T. Ashqelon,1,,
Early Roman_Jerusalem- Old City,Late Hellenistic - Early Roman_Jerusalem- Old City- Jewish Quarter- Area F- M,2,,
Early Roman_Jerusalem- Old City,Late Hellenistic - Early Roman_Jerusalem- Old City- Jewish Quarter- Area F- M,2,,
Natufian_Me`arat Kebara,Natufian_Me`arat ha-Nahal,3,,
Natufian_Me`arat Kebara,Natufian_Magharat Shuqba,3,,
Natufian_Me`arat Kebara,Natufian_Me`arat ha-Nahal,3,,
Natufian_Me`arat Kebara,Natufian_Magharat Shuqba,3,,
Natufian_Me`arat Kebara,Natufian_Me`arat ha-Nahal,3,,
Natufian_Me`arat Kebara,Natufian_Me`arat ha-Nahal,3,,
Natufian_Me`arat Kebara,Natufian_Magharat Shuqba,3,,
Natufian_Me`arat Kebara,Early Bronze II-III_`Ai,1,,
Natufian_Me`arat Kebara,Natufian_Me`arat ha-Nahal,3,,
Natufian_Me`arat Kebara,Natufian_Me`arat ha-Nahal,3,,
Natufian_Me`arat Kebara,Natufian_Me`arat ha-Nahal,3,,
Early Roman_Jerusalem- City of David,Pre-Pottery Neolithic_Besamon,1,,
Iron I_Bet She'an- T.,Umayyad_Mafjar- Kh. el-,1,,
Iron I_Bet She'an- T.,Early Roman_Caesarea,1,,
Iron I_Bet She'an- T.,Early Roman_Caesarea,1,,
Iron I_Bet She'an- T.,Early Roman_Caesarea,1,,
Iron I_Bet She'an- T.,Iron IIC_Ashqelon- T. Ashqelon,2,,
Iron I_Bet She'an- T.,Iron IIC_Ashqelon- T. Ashqelon,2,,
Iron I_Bet She'an- T.,Iron IIC_Ashqelon- T. Ashqelon,2,,
Middle Palaeolithic_Zif- Kh.,Middle Palaeolithic_Magharat Shuqba,3,,
Middle Palaeolithic_Zif- Kh.,Middle Palaeolithic_Me`arat ha-Gulgolet,3,,
Middle Palaeolithic_Zif- Kh.,Middle Palaeolithic_Magharat Shuqba,3,,
Early Roman_Jerusalem- Har ha-Zofim (east),Iron II_Bet She'an- T.,1,,
Early Roman_Jerusalem- Har ha-Zofim (east),Hellenistic_Maresha- T.,2,,
Late Roman_Jerusalem- Rehov Salah ed-Din- Ministry of Justice,Early Bronze IB_`En Besor,1,,
Late Roman_Jerusalem- Rehov Salah ed-Din- Ministry of Justice,Iron II_Megiddo- T.,1,,
Late Roman_Jerusalem- Rehov Salah ed-Din- Ministry of Justice,Persian_`Atlit,1,,
Pottery Neolithic_Minha- H.,Pre-Pottery Neolithic B_Minha- H.,2,,
Pottery Neolithic_Minha- H.,Upper Palaeolithic_Me`arot Yonim,1,,
Pottery Neolithic_Minha- H.,Pre-Pottery Neolithic B_Minha- H.,2,,
Pottery Neolithic_Minha- H.,Pottery Neolithic A_Sha`ar ha-Golan,3,,
Pottery Neolithic_Minha- H.,Pottery Neolithic A_Sha`ar ha-Golan,3,,
Pottery Neolithic_Minha- H.,Pre-Pottery Neolithic B_Nahal Hemar,2,,
Pottery Neolithic_Minha- H.,Hellenistic_Jerusalem- City of David,1,,
Early Roman_Jerusalem- `En Rogel,Early Roman_Jerusalem- Pisgat Ze'ev,3,,
Early Roman_Jerusalem- `En Rogel,Early Roman_Jerusalem- Pisgat Ze'ev,3,,
Early Roman_Jerusalem- `En Rogel,Late Byzantine_Nizzana,2,,
Early Roman_Qumran Caves,Roman_Moa,3,,
Early Roman_Qumran Caves,Hellenistic_Jerusalem- City of David,2,,
Early Roman_Qumran Caves,Umayyad_Mafjar- Kh. el-,1,,
Pottery Neolithic A_Sha`ar ha-Golan,Pottery Neolithic_Minha- H.,3,,
Pottery Neolithic A_Sha`ar ha-Golan,Pottery Neolithic_Minha- H.,3,,
Pottery Neolithic A_Sha`ar ha-Golan,Pottery Neolithic_Minha- H.,3,,
Pottery Neolithic A_Sha`ar ha-Golan,Pottery Neolithic_Sha`ar ha-Golan,3,,
Pottery Neolithic A_Sha`ar ha-Golan,Pottery Neolithic_Sha`ar ha-Golan,3,,
Pottery Neolithic A_Sha`ar ha-Golan,Iron I_Bet She'an- T.,1,,
Pottery Neolithic A_Sha`ar ha-Golan,Hellenistic_Maresha- T.,1,,
Pottery Neolithic A_Sha`ar ha-Golan,Middle Bronze IIB_Bet She'an- T.,1,,
Pottery Neolithic A_Sha`ar ha-Golan,Middle Bronze II_Bet She'an- T.,1,,
Pottery Neolithic A_Sha`ar ha-Golan,Late Bronze II_Bet She'an- T.,1,,
Pottery Neolithic A_Sha`ar ha-Golan,Early Roman_`En Gedi,1,,
Pottery Neolithic A_Sha`ar ha-Golan,Late Bronze II_Afeq,1,,
Pottery Neolithic A_Sha`ar ha-Golan,Pre-Pottery Neolithic_Besamon,2,,
Pottery Neolithic A_Sha`ar ha-Golan,Late Chalcolithic_Nahal Pattish (Gilat),1,,
Pottery Neolithic A_Sha`ar ha-Golan,Pottery Neolithic_Ha-Gosherim- Nili (north),3,,
Pottery Neolithic A_Sha`ar ha-Golan,Early Roman_Jerusalem- Old City- Jewish Quarter- Area F- M,1,,
Natufian_Me`arat Oren,Iron IIA_Qeiyafa- Kh.,1,,
Natufian_Me`arat Oren,Iron IIC_Ashqelon- T. Ashqelon,1,,
Natufian_Me`arat Oren,Iron IIC_Ashqelon- T. Ashqelon,1,,
Natufian_Me`arat Oren,Late Bronze_Gezer- T.,1,,
Natufian_Me`arat Oren,Natufian_`Enot `Enan,3,,
Natufian_Me`arat Oren,Natufian_`Enot `Enan,3,,
Early Bronze I_Megiddo- T.,Late Bronze II_Megiddo- T.,2,,
Early Bronze I_Megiddo- T.,Iron II_Bet Mirsham- T.,1,,
Iron II_Nemal Akhziv,Late Roman_Asherat,1,,
Persian_`Atlit,Middle Bronze II_`Ujul- T. el-,1,,
Persian_`Atlit,Middle Bronze II_`Ujul- T. el-,1,,
Persian_`Atlit,Middle Bronze II_`Ujul- T. el-,1,,
Persian_`Atlit,Early Roman_Caesarea,1,,
Persian_`Atlit,Late Bronze II_`Ujul- T. el-,1,,
Persian_`Atlit,Middle Bronze II_Jericho- T.,1,,
Persian_`Atlit,Iron IIC_Ashqelon- T. Ashqelon,2,,
Late Roman_Nahariyya- Giv`at Katzenelson,Roman_`Alya- Kh.,3,,
Fatimid_Caesarea,Iron I_Bet She'an- T.,1,,
Fatimid_Caesarea,Iron I_Bet She'an- T.,1,,
Pre-Pottery Neolithic A_Har Harif,Middle Palaeolithic_Har Qedumim,1,,
Pre-Pottery Neolithic A_Har Harif,Middle Palaeolithic_Har Qedumim,1,,
Pre-Pottery Neolithic A_Har Harif,Middle Palaeolithic_Har Qedumim,1,,
Pre-Pottery Neolithic A_Har Harif,Middle Palaeolithic_Har Qedumim,1,,
Pre-Pottery Neolithic A_Har Harif,Natufian_`Enot `Enan,1,,
Pre-Pottery Neolithic A_Har Harif,Natufian_`Enot `Enan,1,,
Fatimid_Tiberias and Hammat,Fatimid_Hammat,3,,
Fatimid_Tiberias and Hammat,Fatimid_Hammat,3,,
Fatimid_Tiberias and Hammat,Fatimid_Hammat,3,,
Iron IIC-Babylonian_Jerusalem- Ketef Hinnom,Persian_`Atlit,2,,
Iron IIC-Babylonian_Jerusalem- Ketef Hinnom,Pre-Pottery Neolithic B_Nahal Hemar,1,,
Iron IIC-Babylonian_Jerusalem- Ketef Hinnom,Early Bronze IB_`En Besor,1,,
Iron IIC-Babylonian_Jerusalem- Ketef Hinnom,Late Bronze II_Haifa- T. Abu Hawwam,1,,
Iron IIC-Babylonian_Jerusalem- Ketef Hinnom,Middle Bronze II-Late Bronze_`Ujul- T. el-,1,,
Middle Bronze II_Megiddo- T.,Iron II_Megiddo- T.,1,,
Middle Bronze II_Megiddo- T.,Middle Bronze II_Bet-Shemesh- T.,3,,
Middle Bronze II_Megiddo- T.,Hellenistic_Anafa- T.,1,,
Middle Bronze II_Megiddo- T.,Late Chalcolithic_Nahal Pattish (Gilat),1,,
Middle Bronze II_Megiddo- T.,Middle Roman_Nahal Hever,1,,
Upper Palaeolithic_Me`arat ha-Nahal,Natufian_Me`arat Kebara,1,,
Upper Palaeolithic_Me`arat ha-Nahal,Natufian_Me`arat ha-Nahal,1,,
Upper Palaeolithic_Me`arat ha-Nahal,Upper Palaeolithic_Me`arat Amira,3,,
Early Roman_Jerusalem- Giv`at ha-Mivtar,Early Roman_Jerusalem- Mount Scopus (west),3,,
Early Roman_Jerusalem- Giv`at ha-Mivtar,Early Roman_Jerusalem- Mount Scopus (west),3,,
Early Roman_Jerusalem- Giv`at ha-Mivtar,Early Roman_Jerusalem- `En Rogel,3,,
Early Roman_Jerusalem- Giv`at ha-Mivtar,Early Roman_Jerusalem- `En Rogel,3,,
Early Roman_Jerusalem- Giv`at ha-Mivtar,Middle Bronze II-Late Bronze_`Ujul- T. el-,1,,
Lower Palaeolithic_Magharat Umm Qatafa,Lower Palaeolithic_Me`arat Tannur,3,,
Lower Palaeolithic_Magharat Umm Qatafa,Lower Palaeolithic_Me`arat ha-Gulgolet,3,,
Lower Palaeolithic_Magharat Umm Qatafa,Lower Palaeolithic_Me`arat ha-Gulgolet,3,,
Late Bronze_`Ujul- T. el-,Roman_Bet She'an- T.,1,,
Late Bronze_`Ujul- T. el-,Middle Bronze II-Late Bronze_`Ujul- T. el-,2,,
Late Bronze_`Ujul- T. el-,Middle Bronze II-Late Bronze_`Ujul- T. el-,2,,
Crusader_`Atlit,Early Roman_Qumran Caves,1,,
Crusader_`Atlit,Middle Roman_Nahal Hever,2,,
Late Roman_Makr- el-,Late Roman_Palmahim,3,,
Late Roman_Makr- el-,Late Roman_Palmahim,3,,
Late Roman_Makr- el-,Late Roman_Nahariyya- Giv`at Katzenelson,3,,
Late Roman_Makr- el-,Late Roman_Nahariyya- Giv`at Katzenelson,3,,
Early Islamic_נחל עומר,Late Chalcolithic_Nahal Mishmar- Cave of the Treasure,1,,
Early Islamic_נחל עומר,Roman_Moa,1,,
Early Islamic_נחל עומר,Roman_Moa,1,,
Early Islamic_נחל עומר,Roman_Wadi Murabba,1,,
Natufian_Me`arot Yonim,Byzantine_Bet She'an,1,,
Natufian_Me`arot Yonim,Pottery Neolithic_Besamon,1,,
Natufian_Me`arot Yonim,Late Bronze_Gezer- T.,1,,
Natufian_Me`arot Yonim,Late Bronze_Gezer- T.,1,,
Natufian_Me`arot Yonim,Natufian_`Enot `Enan,3,,
Natufian_Me`arot Yonim,Natufian_`Enot `Enan,3,,
Iron IIC-Babylonian-Persian_Ashqelon- T. Ashqelon,Iron II_Lakhish- T.,3,,
Iron IIC-Babylonian-Persian_Ashqelon- T. Ashqelon,Iron II_Bet-Shemesh- T.,3,,
Iron IIC-Babylonian-Persian_Ashqelon- T. Ashqelon,Late Bronze II_Haifa- T. Abu Hawwam,1,,
