id 	 name
0 	 Maresha_ T._Hellenistic
0 	 Maresha_ T._Hellenistic
0 	 Maresha_ T._Hellenistic
0 	 Maresha_ T._Hellenistic
0 	 Maresha_ T._Hellenistic
0 	 Maresha_ T._Hellenistic
0 	 Maresha_ T._Hellenistic
0 	 Maresha_ T._Hellenistic
0 	 Maresha_ T._Hellenistic
0 	 Maresha_ T._Hellenistic
0 	 Maresha_ T._Hellenistic
0 	 Maresha_ T._Hellenistic
0 	 Maresha_ T._Hellenistic
0 	 Maresha_ T._Hellenistic
0 	 Maresha_ T._Hellenistic
0 	 Maresha_ T._Hellenistic
0 	 Maresha_ T._Hellenistic
0 	 Maresha_ T._Hellenistic
0 	 Maresha_ T._Hellenistic
0 	 Maresha_ T._Hellenistic
0 	 Maresha_ T._Hellenistic
0 	 Maresha_ T._Hellenistic
0 	 Maresha_ T._Hellenistic
0 	 Maresha_ T._Hellenistic
0 	 Maresha_ T._Hellenistic
0 	 Maresha_ T._Hellenistic
0 	 Maresha_ T._Hellenistic
0 	 Maresha_ T._Hellenistic
0 	 Maresha_ T._Hellenistic
0 	 Maresha_ T._Hellenistic
0 	 Maresha_ T._Hellenistic
0 	 Maresha_ T._Hellenistic
0 	 Maresha_ T._Hellenistic
0 	 Maresha_ T._Hellenistic
0 	 Maresha_ T._Hellenistic
0 	 Maresha_ T._Hellenistic
0 	 Maresha_ T._Hellenistic
0 	 Maresha_ T._Hellenistic
0 	 Maresha_ T._Hellenistic
0 	 Maresha_ T._Hellenistic
0 	 Maresha_ T._Hellenistic
0 	 Maresha_ T._Hellenistic
0 	 Maresha_ T._Hellenistic
0 	 Maresha_ T._Hellenistic
0 	 Maresha_ T._Hellenistic
0 	 Maresha_ T._Hellenistic
0 	 Maresha_ T._Hellenistic
0 	 Maresha_ T._Hellenistic
0 	 Maresha_ T._Hellenistic
0 	 Maresha_ T._Hellenistic
0 	 Maresha_ T._Hellenistic
1 	 Me`arat ha-Nahal_Upper Palaeolithic
1 	 Me`arat ha-Nahal_Upper Palaeolithic
1 	 Me`arat ha-Nahal_Upper Palaeolithic
1 	 Me`arat ha-Nahal_Upper Palaeolithic
1 	 Me`arat ha-Nahal_Upper Palaeolithic
1 	 Me`arat ha-Nahal_Upper Palaeolithic
1 	 Me`arat ha-Nahal_Upper Palaeolithic
1 	 Me`arat ha-Nahal_Upper Palaeolithic
1 	 Me`arat ha-Nahal_Upper Palaeolithic
1 	 Me`arat ha-Nahal_Upper Palaeolithic
1 	 Me`arat ha-Nahal_Upper Palaeolithic
1 	 Me`arat ha-Nahal_Upper Palaeolithic
1 	 Me`arat ha-Nahal_Upper Palaeolithic
1 	 Me`arat ha-Nahal_Upper Palaeolithic
1 	 Me`arat ha-Nahal_Upper Palaeolithic
1 	 Me`arat ha-Nahal_Upper Palaeolithic
1 	 Me`arat ha-Nahal_Upper Palaeolithic
1 	 Me`arat ha-Nahal_Upper Palaeolithic
1 	 Me`arat ha-Nahal_Upper Palaeolithic
1 	 Me`arat ha-Nahal_Upper Palaeolithic
1 	 Me`arat ha-Nahal_Upper Palaeolithic
1 	 Me`arat ha-Nahal_Upper Palaeolithic
1 	 Me`arat ha-Nahal_Upper Palaeolithic
1 	 Me`arat ha-Nahal_Upper Palaeolithic
1 	 Me`arat ha-Nahal_Upper Palaeolithic
1 	 Me`arat ha-Nahal_Upper Palaeolithic
1 	 Me`arat ha-Nahal_Upper Palaeolithic
1 	 Me`arat ha-Nahal_Upper Palaeolithic
1 	 Me`arat ha-Nahal_Upper Palaeolithic
1 	 Me`arat ha-Nahal_Upper Palaeolithic
1 	 Me`arat ha-Nahal_Upper Palaeolithic
1 	 Me`arat ha-Nahal_Upper Palaeolithic
1 	 Me`arat ha-Nahal_Upper Palaeolithic
1 	 Me`arat ha-Nahal_Upper Palaeolithic
1 	 Me`arat ha-Nahal_Upper Palaeolithic
1 	 Me`arat ha-Nahal_Upper Palaeolithic
1 	 Me`arat ha-Nahal_Upper Palaeolithic
1 	 Me`arat ha-Nahal_Upper Palaeolithic
1 	 Me`arat ha-Nahal_Upper Palaeolithic
1 	 Me`arat ha-Nahal_Upper Palaeolithic
1 	 Me`arat ha-Nahal_Upper Palaeolithic
1 	 Me`arat ha-Nahal_Upper Palaeolithic
1 	 Me`arat ha-Nahal_Upper Palaeolithic
10 	 Nahal Zin_Upper Palaeolithic
10 	 Nahal Zin_Upper Palaeolithic
10 	 Nahal Zin_Upper Palaeolithic
10 	 Nahal Zin_Upper Palaeolithic
10 	 Nahal Zin_Upper Palaeolithic
10 	 Nahal Zin_Upper Palaeolithic
10 	 Nahal Zin_Upper Palaeolithic
10 	 Nahal Zin_Upper Palaeolithic
10 	 Nahal Zin_Upper Palaeolithic
10 	 Nahal Zin_Upper Palaeolithic
10 	 Nahal Zin_Upper Palaeolithic
10 	 Nahal Zin_Upper Palaeolithic
10 	 Nahal Zin_Upper Palaeolithic
10 	 Nahal Zin_Upper Palaeolithic
10 	 Nahal Zin_Upper Palaeolithic
10 	 Nahal Zin_Upper Palaeolithic
10 	 Nahal Zin_Upper Palaeolithic
10 	 Nahal Zin_Upper Palaeolithic
10 	 Nahal Zin_Upper Palaeolithic
10 	 Nahal Zin_Upper Palaeolithic
10 	 Nahal Zin_Upper Palaeolithic
10 	 Nahal Zin_Upper Palaeolithic
10 	 Nahal Zin_Upper Palaeolithic
10 	 Nahal Zin_Upper Palaeolithic
10 	 Nahal Zin_Upper Palaeolithic
10 	 Nahal Zin_Upper Palaeolithic
10 	 Nahal Zin_Upper Palaeolithic
10 	 Nahal Zin_Upper Palaeolithic
10 	 Nahal Zin_Upper Palaeolithic
10 	 Nahal Zin_Upper Palaeolithic
10 	 Nahal Zin_Upper Palaeolithic
10 	 Nahal Zin_Upper Palaeolithic
100 	 Minha_ H._Pottery Neolithic
100 	 Minha_ H._Pottery Neolithic
100 	 Minha_ H._Pottery Neolithic
100 	 Minha_ H._Pottery Neolithic
100 	 Minha_ H._Pottery Neolithic
100 	 Minha_ H._Pottery Neolithic
101 	 Tiberias and Hammat_Fatimid
101 	 Tiberias and Hammat_Fatimid
101 	 Tiberias and Hammat_Fatimid
101 	 Tiberias and Hammat_Fatimid
101 	 Tiberias and Hammat_Fatimid
101 	 Tiberias and Hammat_Fatimid
102 	 Dan_ T._Late Bronze II
102 	 Dan_ T._Late Bronze II
102 	 Dan_ T._Late Bronze II
102 	 Dan_ T._Late Bronze II
102 	 Dan_ T._Late Bronze II
103 	 Nizzana_Byzantine
103 	 Nizzana_Byzantine
103 	 Nizzana_Byzantine
103 	 Nizzana_Byzantine
103 	 Nizzana_Byzantine
103 	 Nizzana_Byzantine
103 	 Nizzana_Byzantine
103 	 Nizzana_Byzantine
103 	 Nizzana_Byzantine
103 	 Nizzana_Byzantine
104 	 Nahal Omer _Early Islamic
104 	 Nahal Omer _Early Islamic
104 	 Nahal Omer _Early Islamic
104 	 Nahal Omer _Early Islamic
104 	 Nahal Omer _Early Islamic
104 	 Nahal Omer _Early Islamic
105 	 Bet-Shemesh_ T._Late Bronze II
105 	 Bet-Shemesh_ T._Late Bronze II
105 	 Bet-Shemesh_ T._Late Bronze II
105 	 Bet-Shemesh_ T._Late Bronze II
105 	 Bet-Shemesh_ T._Late Bronze II
106 	 Caesarea_Early Islamic
106 	 Caesarea_Early Islamic
106 	 Caesarea_Early Islamic
106 	 Caesarea_Early Islamic
106 	 Caesarea_Early Islamic
106 	 Caesarea_Early Islamic
106 	 Caesarea_Early Islamic
106 	 Caesarea_Early Islamic
107 	 Holot Qesari (south)_Late Roman - Byzantine
107 	 Holot Qesari (south)_Late Roman - Byzantine
107 	 Holot Qesari (south)_Late Roman - Byzantine
107 	 Holot Qesari (south)_Late Roman - Byzantine
107 	 Holot Qesari (south)_Late Roman - Byzantine
107 	 Holot Qesari (south)_Late Roman - Byzantine
107 	 Holot Qesari (south)_Late Roman - Byzantine
108 	 Me`arat ha-Gulgolet_Middle Palaeolithic
108 	 Me`arat ha-Gulgolet_Middle Palaeolithic
108 	 Me`arat ha-Gulgolet_Middle Palaeolithic
108 	 Me`arat ha-Gulgolet_Middle Palaeolithic
108 	 Me`arat ha-Gulgolet_Middle Palaeolithic
108 	 Me`arat ha-Gulgolet_Middle Palaeolithic
109 	 Ashkelon  1933 _Iron IIC-Babylonian-Persian
109 	 Ashkelon  1933 _Iron IIC-Babylonian-Persian
109 	 Ashkelon  1933 _Iron IIC-Babylonian-Persian
109 	 Ashkelon  1933 _Iron IIC-Babylonian-Persian
109 	 Ashkelon  1933 _Iron IIC-Babylonian-Persian
109 	 Ashkelon  1933 _Iron IIC-Babylonian-Persian
11 	 Me`arat ha-Nahal_Natufian
11 	 Me`arat ha-Nahal_Natufian
11 	 Me`arat ha-Nahal_Natufian
11 	 Me`arat ha-Nahal_Natufian
11 	 Me`arat ha-Nahal_Natufian
11 	 Me`arat ha-Nahal_Natufian
11 	 Me`arat ha-Nahal_Natufian
11 	 Me`arat ha-Nahal_Natufian
11 	 Me`arat ha-Nahal_Natufian
11 	 Me`arat ha-Nahal_Natufian
11 	 Me`arat ha-Nahal_Natufian
11 	 Me`arat ha-Nahal_Natufian
11 	 Me`arat ha-Nahal_Natufian
11 	 Me`arat ha-Nahal_Natufian
11 	 Me`arat ha-Nahal_Natufian
11 	 Me`arat ha-Nahal_Natufian
11 	 Me`arat ha-Nahal_Natufian
11 	 Me`arat ha-Nahal_Natufian
11 	 Me`arat ha-Nahal_Natufian
11 	 Me`arat ha-Nahal_Natufian
11 	 Me`arat ha-Nahal_Natufian
11 	 Me`arat ha-Nahal_Natufian
11 	 Me`arat ha-Nahal_Natufian
11 	 Me`arat ha-Nahal_Natufian
11 	 Me`arat ha-Nahal_Natufian
11 	 Me`arat ha-Nahal_Natufian
110 	 Mizpah_Early Bronze I
110 	 Mizpah_Early Bronze I
110 	 Mizpah_Early Bronze I
110 	 Mizpah_Early Bronze I
110 	 Mizpah_Early Bronze I
110 	 Mizpah_Early Bronze I
110 	 Mizpah_Early Bronze I
111 	 Megiddo_ T._Middle Bronze I
111 	 Megiddo_ T._Middle Bronze I
111 	 Megiddo_ T._Middle Bronze I
111 	 Megiddo_ T._Middle Bronze I
111 	 Megiddo_ T._Middle Bronze I
111 	 Megiddo_ T._Middle Bronze I
111 	 Megiddo_ T._Middle Bronze I
112 	 Mizpah_Iron II
112 	 Mizpah_Iron II
112 	 Mizpah_Iron II
112 	 Mizpah_Iron II
112 	 Mizpah_Iron II
112 	 Mizpah_Iron II
112 	 Mizpah_Iron II
113 	 `En Gedi_Early Roman (period)
113 	 `En Gedi_Early Roman (period)
113 	 `En Gedi_Early Roman (period)
113 	 `En Gedi_Early Roman (period)
113 	 `En Gedi_Early Roman (period)
113 	 `En Gedi_Early Roman (period)
113 	 `En Gedi_Early Roman (period)
114 	 Burnat_ Kh._none
114 	 Burnat_ Kh._none
114 	 Burnat_ Kh._none
114 	 Burnat_ Kh._none
114 	 Burnat_ Kh._none
114 	 Burnat_ Kh._none
115 	 BURNT HOUSE_Early Roman (period)
115 	 BURNT HOUSE_Early Roman (period)
115 	 BURNT HOUSE_Early Roman (period)
115 	 BURNT HOUSE_Early Roman (period)
115 	 BURNT HOUSE_Early Roman (period)
115 	 BURNT HOUSE_Early Roman (period)
116 	 Caesarea_Byzantine
116 	 Caesarea_Byzantine
116 	 Caesarea_Byzantine
116 	 Caesarea_Byzantine
116 	 Caesarea_Byzantine
116 	 Caesarea_Byzantine
117 	 Jerusalem_ Binyane ha-Umma_Roman
117 	 Jerusalem_ Binyane ha-Umma_Roman
117 	 Jerusalem_ Binyane ha-Umma_Roman
117 	 Jerusalem_ Binyane ha-Umma_Roman
117 	 Jerusalem_ Binyane ha-Umma_Roman
117 	 Jerusalem_ Binyane ha-Umma_Roman
118 	 Jerusalem_ Mount Scopus (west)_Early Roman (period)
118 	 Jerusalem_ Mount Scopus (west)_Early Roman (period)
118 	 Jerusalem_ Mount Scopus (west)_Early Roman (period)
118 	 Jerusalem_ Mount Scopus (west)_Early Roman (period)
118 	 Jerusalem_ Mount Scopus (west)_Early Roman (period)
118 	 Jerusalem_ Mount Scopus (west)_Early Roman (period)
119 	 Lidd_ Kh._Late Roman
119 	 Lidd_ Kh._Late Roman
119 	 Lidd_ Kh._Late Roman
119 	 Lidd_ Kh._Late Roman
12 	 Horevot Mazada_Roman
12 	 Horevot Mazada_Roman
12 	 Horevot Mazada_Roman
12 	 Horevot Mazada_Roman
12 	 Horevot Mazada_Roman
12 	 Horevot Mazada_Roman
12 	 Horevot Mazada_Roman
12 	 Horevot Mazada_Roman
12 	 Horevot Mazada_Roman
12 	 Horevot Mazada_Roman
12 	 Horevot Mazada_Roman
12 	 Horevot Mazada_Roman
12 	 Horevot Mazada_Roman
12 	 Horevot Mazada_Roman
12 	 Horevot Mazada_Roman
12 	 Horevot Mazada_Roman
12 	 Horevot Mazada_Roman
12 	 Horevot Mazada_Roman
12 	 Horevot Mazada_Roman
12 	 Horevot Mazada_Roman
12 	 Horevot Mazada_Roman
12 	 Horevot Mazada_Roman
12 	 Horevot Mazada_Roman
12 	 Horevot Mazada_Roman
12 	 Horevot Mazada_Roman
12 	 Horevot Mazada_Roman
12 	 Horevot Mazada_Roman
120 	 Zaf_ T._Pre-Ghassulian Chalcolithic
120 	 Zaf_ T._Pre-Ghassulian Chalcolithic
120 	 Zaf_ T._Pre-Ghassulian Chalcolithic
120 	 Zaf_ T._Pre-Ghassulian Chalcolithic
120 	 Zaf_ T._Pre-Ghassulian Chalcolithic
120 	 Zaf_ T._Pre-Ghassulian Chalcolithic
121 	 Bet-Shemesh_ T._Iron I
121 	 Bet-Shemesh_ T._Iron I
121 	 Bet-Shemesh_ T._Iron I
121 	 Bet-Shemesh_ T._Iron I
121 	 Bet-Shemesh_ T._Iron I
122 	 Hammat_Fatimid
122 	 Hammat_Fatimid
122 	 Hammat_Fatimid
122 	 Hammat_Fatimid
122 	 Hammat_Fatimid
122 	 Hammat_Fatimid
122 	 Hammat_Fatimid
123 	 Jerusalem_ Old City_ Jewish Quarter_ Area F_ M_Iron II
123 	 Jerusalem_ Old City_ Jewish Quarter_ Area F_ M_Iron II
123 	 Jerusalem_ Old City_ Jewish Quarter_ Area F_ M_Iron II
123 	 Jerusalem_ Old City_ Jewish Quarter_ Area F_ M_Iron II
123 	 Jerusalem_ Old City_ Jewish Quarter_ Area F_ M_Iron II
123 	 Jerusalem_ Old City_ Jewish Quarter_ Area F_ M_Iron II
124 	 Nemal Akhziv_Iron IIB
124 	 Nemal Akhziv_Iron IIB
124 	 Nemal Akhziv_Iron IIB
124 	 Nemal Akhziv_Iron IIB
124 	 Nemal Akhziv_Iron IIB
124 	 Nemal Akhziv_Iron IIB
125 	 Palmahim_Late Roman
125 	 Palmahim_Late Roman
125 	 Palmahim_Late Roman
125 	 Palmahim_Late Roman
125 	 Palmahim_Late Roman
125 	 Palmahim_Late Roman
126 	 'En Tamar_Roman
126 	 'En Tamar_Roman
126 	 'En Tamar_Roman
126 	 'En Tamar_Roman
127 	 `Ai_Early Bronze I
127 	 `Ai_Early Bronze I
127 	 `Ai_Early Bronze I
128 	 Bir er-Ruqeish_Iron II
128 	 Bir er-Ruqeish_Iron II
128 	 Bir er-Ruqeish_Iron II
128 	 Bir er-Ruqeish_Iron II
129 	 Gan Soreq (north)_none
129 	 Gan Soreq (north)_none
129 	 Gan Soreq (north)_none
129 	 Gan Soreq (north)_none
129 	 Gan Soreq (north)_none
129 	 Gan Soreq (north)_none
13 	 Me`arat Tannur_Lower Palaeolithic
13 	 Me`arat Tannur_Lower Palaeolithic
13 	 Me`arat Tannur_Lower Palaeolithic
13 	 Me`arat Tannur_Lower Palaeolithic
13 	 Me`arat Tannur_Lower Palaeolithic
13 	 Me`arat Tannur_Lower Palaeolithic
13 	 Me`arat Tannur_Lower Palaeolithic
13 	 Me`arat Tannur_Lower Palaeolithic
13 	 Me`arat Tannur_Lower Palaeolithic
13 	 Me`arat Tannur_Lower Palaeolithic
13 	 Me`arat Tannur_Lower Palaeolithic
13 	 Me`arat Tannur_Lower Palaeolithic
13 	 Me`arat Tannur_Lower Palaeolithic
13 	 Me`arat Tannur_Lower Palaeolithic
13 	 Me`arat Tannur_Lower Palaeolithic
13 	 Me`arat Tannur_Lower Palaeolithic
13 	 Me`arat Tannur_Lower Palaeolithic
13 	 Me`arat Tannur_Lower Palaeolithic
13 	 Me`arat Tannur_Lower Palaeolithic
13 	 Me`arat Tannur_Lower Palaeolithic
13 	 Me`arat Tannur_Lower Palaeolithic
13 	 Me`arat Tannur_Lower Palaeolithic
130 	 Har Qedumim_Middle Palaeolithic
130 	 Har Qedumim_Middle Palaeolithic
130 	 Har Qedumim_Middle Palaeolithic
130 	 Har Qedumim_Middle Palaeolithic
130 	 Har Qedumim_Middle Palaeolithic
130 	 Har Qedumim_Middle Palaeolithic
131 	 Jericho_ T._Pre-Pottery Neolithic B
131 	 Jericho_ T._Pre-Pottery Neolithic B
131 	 Jericho_ T._Pre-Pottery Neolithic B
131 	 Jericho_ T._Pre-Pottery Neolithic B
131 	 Jericho_ T._Pre-Pottery Neolithic B
132 	 Jerusalem_ Old City_Late Hellenistic
132 	 Jerusalem_ Old City_Late Hellenistic
132 	 Jerusalem_ Old City_Late Hellenistic
132 	 Jerusalem_ Old City_Late Hellenistic
132 	 Jerusalem_ Old City_Late Hellenistic
132 	 Jerusalem_ Old City_Late Hellenistic
132 	 Jerusalem_ Old City_Late Hellenistic
133 	 Jerusalem_ Old City_ Western and Southern Walls_Iron II
133 	 Jerusalem_ Old City_ Western and Southern Walls_Iron II
133 	 Jerusalem_ Old City_ Western and Southern Walls_Iron II
133 	 Jerusalem_ Old City_ Western and Southern Walls_Iron II
133 	 Jerusalem_ Old City_ Western and Southern Walls_Iron II
133 	 Jerusalem_ Old City_ Western and Southern Walls_Iron II
134 	 Nahal Hever_Roman
134 	 Nahal Hever_Roman
134 	 Nahal Hever_Roman
134 	 Nahal Hever_Roman
134 	 Nahal Hever_Roman
134 	 Nahal Hever_Roman
134 	 Nahal Hever_Roman
135 	 Be'er Sheva`_ H. Zafad_Late Chalcolithic
135 	 Be'er Sheva`_ H. Zafad_Late Chalcolithic
135 	 Be'er Sheva`_ H. Zafad_Late Chalcolithic
135 	 Be'er Sheva`_ H. Zafad_Late Chalcolithic
135 	 Be'er Sheva`_ H. Zafad_Late Chalcolithic
135 	 Be'er Sheva`_ H. Zafad_Late Chalcolithic
136 	 Ha-Gosherim_Hellenistic
136 	 Ha-Gosherim_Hellenistic
136 	 Ha-Gosherim_Hellenistic
137 	 Nahal Mishmar_ Cave of the Treasure_Late Chalcolithic
137 	 Nahal Mishmar_ Cave of the Treasure_Late Chalcolithic
137 	 Nahal Mishmar_ Cave of the Treasure_Late Chalcolithic
137 	 Nahal Mishmar_ Cave of the Treasure_Late Chalcolithic
137 	 Nahal Mishmar_ Cave of the Treasure_Late Chalcolithic
138 	 Besamon_Pre-Pottery Neolithic
138 	 Besamon_Pre-Pottery Neolithic
138 	 Besamon_Pre-Pottery Neolithic
138 	 Besamon_Pre-Pottery Neolithic
138 	 Besamon_Pre-Pottery Neolithic
139 	 Jerusalem_ `En Rogel_Late Roman
139 	 Jerusalem_ `En Rogel_Late Roman
139 	 Jerusalem_ `En Rogel_Late Roman
139 	 Jerusalem_ `En Rogel_Late Roman
139 	 Jerusalem_ `En Rogel_Late Roman
14 	 `Enot `Enan_Natufian
14 	 `Enot `Enan_Natufian
14 	 `Enot `Enan_Natufian
14 	 `Enot `Enan_Natufian
14 	 `Enot `Enan_Natufian
14 	 `Enot `Enan_Natufian
14 	 `Enot `Enan_Natufian
14 	 `Enot `Enan_Natufian
14 	 `Enot `Enan_Natufian
14 	 `Enot `Enan_Natufian
14 	 `Enot `Enan_Natufian
14 	 `Enot `Enan_Natufian
14 	 `Enot `Enan_Natufian
14 	 `Enot `Enan_Natufian
14 	 `Enot `Enan_Natufian
14 	 `Enot `Enan_Natufian
14 	 `Enot `Enan_Natufian
14 	 `Enot `Enan_Natufian
14 	 `Enot `Enan_Natufian
14 	 `Enot `Enan_Natufian
14 	 `Enot `Enan_Natufian
140 	 Me`arat ha-Gulgolet_Lower Palaeolithic
140 	 Me`arat ha-Gulgolet_Lower Palaeolithic
140 	 Me`arat ha-Gulgolet_Lower Palaeolithic
140 	 Me`arat ha-Gulgolet_Lower Palaeolithic
141 	 Meron_none
141 	 Meron_none
141 	 Meron_none
141 	 Meron_none
142 	 Mikhal_ T._none
142 	 Mikhal_ T._none
142 	 Mikhal_ T._none
142 	 Mikhal_ T._none
143 	 Moa_Roman
143 	 Moa_Roman
143 	 Moa_Roman
143 	 Moa_Roman
144 	 Yavne (north-west)_Iron IIA
144 	 Yavne (north-west)_Iron IIA
144 	 Yavne (north-west)_Iron IIA
144 	 Yavne (north-west)_Iron IIA
145 	 Hazor_ T._Late Bronze II
145 	 Hazor_ T._Late Bronze II
145 	 Hazor_ T._Late Bronze II
145 	 Hazor_ T._Late Bronze II
145 	 Hazor_ T._Late Bronze II
145 	 Hazor_ T._Late Bronze II
146 	 Kavul_Early Byzantine
146 	 Kavul_Early Byzantine
146 	 Kavul_Early Byzantine
146 	 Kavul_Early Byzantine
147 	 Me`arot Yonim_Upper Palaeolithic
147 	 Me`arot Yonim_Upper Palaeolithic
147 	 Me`arot Yonim_Upper Palaeolithic
148 	 Mezad Rahel_Roman
148 	 Mezad Rahel_Roman
148 	 Mezad Rahel_Roman
149 	 Nemal Akhziv_Iron IIC
149 	 Nemal Akhziv_Iron IIC
149 	 Nemal Akhziv_Iron IIC
149 	 Nemal Akhziv_Iron IIC
149 	 Nemal Akhziv_Iron IIC
149 	 Nemal Akhziv_Iron IIC
15 	 Ha-Gosherim_ Nili (north)_Pre-Ghassulian Chalcolithic
15 	 Ha-Gosherim_ Nili (north)_Pre-Ghassulian Chalcolithic
15 	 Ha-Gosherim_ Nili (north)_Pre-Ghassulian Chalcolithic
15 	 Ha-Gosherim_ Nili (north)_Pre-Ghassulian Chalcolithic
15 	 Ha-Gosherim_ Nili (north)_Pre-Ghassulian Chalcolithic
15 	 Ha-Gosherim_ Nili (north)_Pre-Ghassulian Chalcolithic
15 	 Ha-Gosherim_ Nili (north)_Pre-Ghassulian Chalcolithic
15 	 Ha-Gosherim_ Nili (north)_Pre-Ghassulian Chalcolithic
15 	 Ha-Gosherim_ Nili (north)_Pre-Ghassulian Chalcolithic
15 	 Ha-Gosherim_ Nili (north)_Pre-Ghassulian Chalcolithic
15 	 Ha-Gosherim_ Nili (north)_Pre-Ghassulian Chalcolithic
15 	 Ha-Gosherim_ Nili (north)_Pre-Ghassulian Chalcolithic
15 	 Ha-Gosherim_ Nili (north)_Pre-Ghassulian Chalcolithic
15 	 Ha-Gosherim_ Nili (north)_Pre-Ghassulian Chalcolithic
15 	 Ha-Gosherim_ Nili (north)_Pre-Ghassulian Chalcolithic
15 	 Ha-Gosherim_ Nili (north)_Pre-Ghassulian Chalcolithic
15 	 Ha-Gosherim_ Nili (north)_Pre-Ghassulian Chalcolithic
15 	 Ha-Gosherim_ Nili (north)_Pre-Ghassulian Chalcolithic
15 	 Ha-Gosherim_ Nili (north)_Pre-Ghassulian Chalcolithic
15 	 Ha-Gosherim_ Nili (north)_Pre-Ghassulian Chalcolithic
15 	 Ha-Gosherim_ Nili (north)_Pre-Ghassulian Chalcolithic
15 	 Ha-Gosherim_ Nili (north)_Pre-Ghassulian Chalcolithic
15 	 Ha-Gosherim_ Nili (north)_Pre-Ghassulian Chalcolithic
150 	 Sharuhen_ T._Iron II
150 	 Sharuhen_ T._Iron II
150 	 Sharuhen_ T._Iron II
150 	 Sharuhen_ T._Iron II
151 	 Bet She'an_ T._Late Bronze
151 	 Bet She'an_ T._Late Bronze
151 	 Bet She'an_ T._Late Bronze
151 	 Bet She'an_ T._Late Bronze
152 	 Nahal Hever_Middle Roman (70-135 CE)
152 	 Nahal Hever_Middle Roman (70-135 CE)
152 	 Nahal Hever_Middle Roman (70-135 CE)
152 	 Nahal Hever_Middle Roman (70-135 CE)
152 	 Nahal Hever_Middle Roman (70-135 CE)
153 	 Qeiyafa_ Kh._Iron IIA
153 	 Qeiyafa_ Kh._Iron IIA
153 	 Qeiyafa_ Kh._Iron IIA
154 	 `Atlit_Middle Bronze II
154 	 `Atlit_Middle Bronze II
154 	 `Atlit_Middle Bronze II
155 	 Afeq_Middle Bronze II
155 	 Afeq_Middle Bronze II
155 	 Afeq_Middle Bronze II
155 	 Afeq_Middle Bronze II
155 	 Afeq_Middle Bronze II
156 	 Hedera _Late Roman
156 	 Hedera _Late Roman
156 	 Hedera _Late Roman
156 	 Hedera _Late Roman
156 	 Hedera _Late Roman
157 	 Qumran_ Cave 4Q_Early Roman (period)
157 	 Qumran_ Cave 4Q_Early Roman (period)
157 	 Qumran_ Cave 4Q_Early Roman (period)
157 	 Qumran_ Cave 4Q_Early Roman (period)
157 	 Qumran_ Cave 4Q_Early Roman (period)
158 	 Sharuhen_ T._Iron I
158 	 Sharuhen_ T._Iron I
158 	 Sharuhen_ T._Iron I
158 	 Sharuhen_ T._Iron I
159 	 Shiqmim (Unofficial name)_Late Chalcolithic
159 	 Shiqmim (Unofficial name)_Late Chalcolithic
159 	 Shiqmim (Unofficial name)_Late Chalcolithic
159 	 Shiqmim (Unofficial name)_Late Chalcolithic
16 	 Horevot Mazada_Early Roman (period)
16 	 Horevot Mazada_Early Roman (period)
16 	 Horevot Mazada_Early Roman (period)
16 	 Horevot Mazada_Early Roman (period)
16 	 Horevot Mazada_Early Roman (period)
16 	 Horevot Mazada_Early Roman (period)
16 	 Horevot Mazada_Early Roman (period)
16 	 Horevot Mazada_Early Roman (period)
16 	 Horevot Mazada_Early Roman (period)
16 	 Horevot Mazada_Early Roman (period)
16 	 Horevot Mazada_Early Roman (period)
16 	 Horevot Mazada_Early Roman (period)
16 	 Horevot Mazada_Early Roman (period)
16 	 Horevot Mazada_Early Roman (period)
16 	 Horevot Mazada_Early Roman (period)
16 	 Horevot Mazada_Early Roman (period)
16 	 Horevot Mazada_Early Roman (period)
16 	 Horevot Mazada_Early Roman (period)
16 	 Horevot Mazada_Early Roman (period)
16 	 Horevot Mazada_Early Roman (period)
16 	 Horevot Mazada_Early Roman (period)
16 	 Horevot Mazada_Early Roman (period)
160 	 Anafa_ T._Hellenistic
160 	 Anafa_ T._Hellenistic
160 	 Anafa_ T._Hellenistic
160 	 Anafa_ T._Hellenistic
160 	 Anafa_ T._Hellenistic
161 	 Bet She'an_Mamluk
161 	 Bet She'an_Mamluk
161 	 Bet She'an_Mamluk
161 	 Bet She'an_Mamluk
161 	 Bet She'an_Mamluk
162 	 Bet She'an_ T._Hellenistic
162 	 Bet She'an_ T._Hellenistic
162 	 Bet She'an_ T._Hellenistic
162 	 Bet She'an_ T._Hellenistic
163 	 Bet She'an_ T._Late Bronze I
163 	 Bet She'an_ T._Late Bronze I
163 	 Bet She'an_ T._Late Bronze I
163 	 Bet She'an_ T._Late Bronze I
163 	 Bet She'an_ T._Late Bronze I
164 	 Caesarea_Early Roman (period)
164 	 Caesarea_Early Roman (period)
164 	 Caesarea_Early Roman (period)
165 	 Gush Halav_Byzantine
165 	 Gush Halav_Byzantine
165 	 Gush Halav_Byzantine
165 	 Gush Halav_Byzantine
166 	 Hazor_ T._Iron II
166 	 Hazor_ T._Iron II
166 	 Hazor_ T._Iron II
166 	 Hazor_ T._Iron II
166 	 Hazor_ T._Iron II
166 	 Hazor_ T._Iron II
167 	 Jerusalem_ Old City_ Western and Southern Walls_Middle Roman - Late Roman
167 	 Jerusalem_ Old City_ Western and Southern Walls_Middle Roman - Late Roman
167 	 Jerusalem_ Old City_ Western and Southern Walls_Middle Roman - Late Roman
167 	 Jerusalem_ Old City_ Western and Southern Walls_Middle Roman - Late Roman
168 	 Jerusalem_ Pisgat Ze'ev_Early Roman (period)
168 	 Jerusalem_ Pisgat Ze'ev_Early Roman (period)
169 	 Panias_ H._Ottoman
169 	 Panias_ H._Ottoman
169 	 Panias_ H._Ottoman
169 	 Panias_ H._Ottoman
169 	 Panias_ H._Ottoman
17 	 Nahal Hever_Middle Roman
17 	 Nahal Hever_Middle Roman
17 	 Nahal Hever_Middle Roman
17 	 Nahal Hever_Middle Roman
17 	 Nahal Hever_Middle Roman
17 	 Nahal Hever_Middle Roman
17 	 Nahal Hever_Middle Roman
17 	 Nahal Hever_Middle Roman
17 	 Nahal Hever_Middle Roman
17 	 Nahal Hever_Middle Roman
17 	 Nahal Hever_Middle Roman
17 	 Nahal Hever_Middle Roman
17 	 Nahal Hever_Middle Roman
17 	 Nahal Hever_Middle Roman
17 	 Nahal Hever_Middle Roman
170 	  Unknown_Byzantine
170 	  Unknown_Byzantine
170 	  Unknown_Byzantine
170 	  Unknown_Byzantine
171 	  Unknown_Roman
171 	  Unknown_Roman
172 	 `Ujul_ T. el-_Late Bronze I
172 	 `Ujul_ T. el-_Late Bronze I
172 	 `Ujul_ T. el-_Late Bronze I
173 	 Gezer_ T._Late Bronze II
173 	 Gezer_ T._Late Bronze II
173 	 Gezer_ T._Late Bronze II
173 	 Gezer_ T._Late Bronze II
174 	 Jericho_ T._Pottery Neolithic A
174 	 Jericho_ T._Pottery Neolithic A
174 	 Jericho_ T._Pottery Neolithic A
174 	 Jericho_ T._Pottery Neolithic A
174 	 Jericho_ T._Pottery Neolithic A
175 	 Neve Ur_Middle Bronze II
175 	 Neve Ur_Middle Bronze II
175 	 Neve Ur_Middle Bronze II
175 	 Neve Ur_Middle Bronze II
176 	 Ramla_Early Islamic
176 	 Ramla_Early Islamic
176 	 Ramla_Early Islamic
176 	 Ramla_Early Islamic
176 	 Ramla_Early Islamic
177 	 Rehov_ T._Iron IIA
177 	 Rehov_ T._Iron IIA
177 	 Rehov_ T._Iron IIA
177 	 Rehov_ T._Iron IIA
178 	 Sheva`_ T._Iron II
178 	 Sheva`_ T._Iron II
178 	 Sheva`_ T._Iron II
179 	 Gan Soreq (north) (4398/0);Gan Soreq (south) (839/0);Gan Soreq (south) [west] (36119/0)_none
179 	 Gan Soreq (north) (4398/0);Gan Soreq (south) (839/0);Gan Soreq (south) [west] (36119/0)_none
179 	 Gan Soreq (north) (4398/0);Gan Soreq (south) (839/0);Gan Soreq (south) [west] (36119/0)_none
179 	 Gan Soreq (north) (4398/0);Gan Soreq (south) (839/0);Gan Soreq (south) [west] (36119/0)_none
18 	 Jerusalem_ City of David_Hellenistic
18 	 Jerusalem_ City of David_Hellenistic
18 	 Jerusalem_ City of David_Hellenistic
18 	 Jerusalem_ City of David_Hellenistic
18 	 Jerusalem_ City of David_Hellenistic
18 	 Jerusalem_ City of David_Hellenistic
18 	 Jerusalem_ City of David_Hellenistic
18 	 Jerusalem_ City of David_Hellenistic
18 	 Jerusalem_ City of David_Hellenistic
18 	 Jerusalem_ City of David_Hellenistic
18 	 Jerusalem_ City of David_Hellenistic
18 	 Jerusalem_ City of David_Hellenistic
18 	 Jerusalem_ City of David_Hellenistic
180 	 `Ai_Early Bronze II-III
180 	 `Ai_Early Bronze II-III
180 	 `Ai_Early Bronze II-III
180 	 `Ai_Early Bronze II-III
180 	 `Ai_Early Bronze II-III
181 	 Asherat_Late Roman
181 	 Asherat_Late Roman
181 	 Asherat_Late Roman
182 	 Barqai_Middle Bronze IIB
182 	 Barqai_Middle Bronze IIB
182 	 Barqai_Middle Bronze IIB
182 	 Barqai_Middle Bronze IIB
183 	 Be'er Sheva`_ H. Matar_Late Chalcolithic
183 	 Be'er Sheva`_ H. Matar_Late Chalcolithic
184 	 Bet Mirsham_ T._Middle Bronze IIB
184 	 Bet Mirsham_ T._Middle Bronze IIB
184 	 Bet Mirsham_ T._Middle Bronze IIB
185 	 Bet She'an_ T._Roman
185 	 Bet She'an_ T._Roman
185 	 Bet She'an_ T._Roman
185 	 Bet She'an_ T._Roman
186 	 Christmas Cave_ Nahal Qidron_Roman
186 	 Christmas Cave_ Nahal Qidron_Roman
186 	 Christmas Cave_ Nahal Qidron_Roman
186 	 Christmas Cave_ Nahal Qidron_Roman
187 	 Samaria_Hellenistic
187 	 Samaria_Hellenistic
187 	 Samaria_Hellenistic
188 	 Zafit_ T._Persian
188 	 Zafit_ T._Persian
188 	 Zafit_ T._Persian
188 	 Zafit_ T._Persian
189 	 `En Gedi_Roman
189 	 `En Gedi_Roman
189 	 `En Gedi_Roman
189 	 `En Gedi_Roman
189 	 `En Gedi_Roman
19 	 Ha-Gosherim_ Nili (north)_Pottery Neolithic
19 	 Ha-Gosherim_ Nili (north)_Pottery Neolithic
19 	 Ha-Gosherim_ Nili (north)_Pottery Neolithic
19 	 Ha-Gosherim_ Nili (north)_Pottery Neolithic
19 	 Ha-Gosherim_ Nili (north)_Pottery Neolithic
19 	 Ha-Gosherim_ Nili (north)_Pottery Neolithic
19 	 Ha-Gosherim_ Nili (north)_Pottery Neolithic
19 	 Ha-Gosherim_ Nili (north)_Pottery Neolithic
19 	 Ha-Gosherim_ Nili (north)_Pottery Neolithic
19 	 Ha-Gosherim_ Nili (north)_Pottery Neolithic
19 	 Ha-Gosherim_ Nili (north)_Pottery Neolithic
19 	 Ha-Gosherim_ Nili (north)_Pottery Neolithic
19 	 Ha-Gosherim_ Nili (north)_Pottery Neolithic
19 	 Ha-Gosherim_ Nili (north)_Pottery Neolithic
19 	 Ha-Gosherim_ Nili (north)_Pottery Neolithic
19 	 Ha-Gosherim_ Nili (north)_Pottery Neolithic
19 	 Ha-Gosherim_ Nili (north)_Pottery Neolithic
19 	 Ha-Gosherim_ Nili (north)_Pottery Neolithic
19 	 Ha-Gosherim_ Nili (north)_Pottery Neolithic
190 	 Afeq_Late Bronze II
190 	 Afeq_Late Bronze II
190 	 Afeq_Late Bronze II
190 	 Afeq_Late Bronze II
190 	 Afeq_Late Bronze II
191 	 Ard es-Samrra_Pottery Neolithic
191 	 Ard es-Samrra_Pottery Neolithic
191 	 Ard es-Samrra_Pottery Neolithic
191 	 Ard es-Samrra_Pottery Neolithic
191 	 Ard es-Samrra_Pottery Neolithic
192 	 Bet She'an_ T._Middle Bronze IIB
192 	 Bet She'an_ T._Middle Bronze IIB
192 	 Bet She'an_ T._Middle Bronze IIB
193 	 Ma`yan Barukh_Roman
193 	 Ma`yan Barukh_Roman
193 	 Ma`yan Barukh_Roman
194 	 Megiddo_ T._Late Bronze
194 	 Megiddo_ T._Late Bronze
194 	 Megiddo_ T._Late Bronze
195 	 Mesad Boqeq_Byzantine
195 	 Mesad Boqeq_Byzantine
195 	 Mesad Boqeq_Byzantine
195 	 Mesad Boqeq_Byzantine
196 	 Nahal Mishmar_Late Chalcolithic
196 	 Nahal Mishmar_Late Chalcolithic
196 	 Nahal Mishmar_Late Chalcolithic
197 	 Zuq el-Fauqani ez-_Byzantine
197 	 Zuq el-Fauqani ez-_Byzantine
197 	 Zuq el-Fauqani ez-_Byzantine
197 	 Zuq el-Fauqani ez-_Byzantine
197 	 Zuq el-Fauqani ez-_Byzantine
198 	 `Alya_ Kh._Roman
198 	 `Alya_ Kh._Roman
198 	 `Alya_ Kh._Roman
199 	 14590-24360 14590-24360_none
199 	 14590-24360 14590-24360_none
199 	 14590-24360 14590-24360_none
199 	 14590-24360 14590-24360_none
2 	 Lakhish_ T._Iron II
2 	 Lakhish_ T._Iron II
2 	 Lakhish_ T._Iron II
2 	 Lakhish_ T._Iron II
2 	 Lakhish_ T._Iron II
2 	 Lakhish_ T._Iron II
2 	 Lakhish_ T._Iron II
2 	 Lakhish_ T._Iron II
2 	 Lakhish_ T._Iron II
2 	 Lakhish_ T._Iron II
2 	 Lakhish_ T._Iron II
2 	 Lakhish_ T._Iron II
2 	 Lakhish_ T._Iron II
2 	 Lakhish_ T._Iron II
2 	 Lakhish_ T._Iron II
2 	 Lakhish_ T._Iron II
2 	 Lakhish_ T._Iron II
2 	 Lakhish_ T._Iron II
2 	 Lakhish_ T._Iron II
2 	 Lakhish_ T._Iron II
2 	 Lakhish_ T._Iron II
2 	 Lakhish_ T._Iron II
2 	 Lakhish_ T._Iron II
2 	 Lakhish_ T._Iron II
2 	 Lakhish_ T._Iron II
2 	 Lakhish_ T._Iron II
2 	 Lakhish_ T._Iron II
2 	 Lakhish_ T._Iron II
2 	 Lakhish_ T._Iron II
2 	 Lakhish_ T._Iron II
2 	 Lakhish_ T._Iron II
2 	 Lakhish_ T._Iron II
2 	 Lakhish_ T._Iron II
2 	 Lakhish_ T._Iron II
2 	 Lakhish_ T._Iron II
2 	 Lakhish_ T._Iron II
2 	 Lakhish_ T._Iron II
2 	 Lakhish_ T._Iron II
2 	 Lakhish_ T._Iron II
2 	 Lakhish_ T._Iron II
20 	 Maresha_ T._Persian-Hellenistic
20 	 Maresha_ T._Persian-Hellenistic
20 	 Maresha_ T._Persian-Hellenistic
20 	 Maresha_ T._Persian-Hellenistic
20 	 Maresha_ T._Persian-Hellenistic
20 	 Maresha_ T._Persian-Hellenistic
20 	 Maresha_ T._Persian-Hellenistic
20 	 Maresha_ T._Persian-Hellenistic
20 	 Maresha_ T._Persian-Hellenistic
20 	 Maresha_ T._Persian-Hellenistic
20 	 Maresha_ T._Persian-Hellenistic
20 	 Maresha_ T._Persian-Hellenistic
20 	 Maresha_ T._Persian-Hellenistic
20 	 Maresha_ T._Persian-Hellenistic
20 	 Maresha_ T._Persian-Hellenistic
20 	 Maresha_ T._Persian-Hellenistic
20 	 Maresha_ T._Persian-Hellenistic
20 	 Maresha_ T._Persian-Hellenistic
21 	 `Ujul_ T. el-_Middle Bronze II
21 	 `Ujul_ T. el-_Middle Bronze II
21 	 `Ujul_ T. el-_Middle Bronze II
21 	 `Ujul_ T. el-_Middle Bronze II
21 	 `Ujul_ T. el-_Middle Bronze II
21 	 `Ujul_ T. el-_Middle Bronze II
21 	 `Ujul_ T. el-_Middle Bronze II
21 	 `Ujul_ T. el-_Middle Bronze II
21 	 `Ujul_ T. el-_Middle Bronze II
21 	 `Ujul_ T. el-_Middle Bronze II
21 	 `Ujul_ T. el-_Middle Bronze II
21 	 `Ujul_ T. el-_Middle Bronze II
21 	 `Ujul_ T. el-_Middle Bronze II
21 	 `Ujul_ T. el-_Middle Bronze II
21 	 `Ujul_ T. el-_Middle Bronze II
21 	 `Ujul_ T. el-_Middle Bronze II
21 	 `Ujul_ T. el-_Middle Bronze II
21 	 `Ujul_ T. el-_Middle Bronze II
21 	 `Ujul_ T. el-_Middle Bronze II
22 	  Unknown_none
22 	  Unknown_none
22 	  Unknown_none
22 	  Unknown_none
22 	  Unknown_none
22 	  Unknown_none
22 	  Unknown_none
22 	  Unknown_none
22 	  Unknown_none
22 	  Unknown_none
22 	  Unknown_none
22 	  Unknown_none
22 	  Unknown_none
22 	  Unknown_none
22 	  Unknown_none
22 	  Unknown_none
22 	  Unknown_none
22 	  Unknown_none
23 	 Besamon_Pre-Pottery Neolithic B
23 	 Besamon_Pre-Pottery Neolithic B
23 	 Besamon_Pre-Pottery Neolithic B
23 	 Besamon_Pre-Pottery Neolithic B
23 	 Besamon_Pre-Pottery Neolithic B
23 	 Besamon_Pre-Pottery Neolithic B
23 	 Besamon_Pre-Pottery Neolithic B
23 	 Besamon_Pre-Pottery Neolithic B
23 	 Besamon_Pre-Pottery Neolithic B
23 	 Besamon_Pre-Pottery Neolithic B
23 	 Besamon_Pre-Pottery Neolithic B
23 	 Besamon_Pre-Pottery Neolithic B
23 	 Besamon_Pre-Pottery Neolithic B
23 	 Besamon_Pre-Pottery Neolithic B
23 	 Besamon_Pre-Pottery Neolithic B
23 	 Besamon_Pre-Pottery Neolithic B
23 	 Besamon_Pre-Pottery Neolithic B
23 	 Besamon_Pre-Pottery Neolithic B
24 	 Jericho_ T._Early Bronze III
24 	 Jericho_ T._Early Bronze III
24 	 Jericho_ T._Early Bronze III
24 	 Jericho_ T._Early Bronze III
24 	 Jericho_ T._Early Bronze III
24 	 Jericho_ T._Early Bronze III
24 	 Jericho_ T._Early Bronze III
24 	 Jericho_ T._Early Bronze III
24 	 Jericho_ T._Early Bronze III
24 	 Jericho_ T._Early Bronze III
24 	 Jericho_ T._Early Bronze III
24 	 Jericho_ T._Early Bronze III
24 	 Jericho_ T._Early Bronze III
24 	 Jericho_ T._Early Bronze III
24 	 Jericho_ T._Early Bronze III
24 	 Jericho_ T._Early Bronze III
24 	 Jericho_ T._Early Bronze III
24 	 Jericho_ T._Early Bronze III
24 	 Jericho_ T._Early Bronze III
24 	 Jericho_ T._Early Bronze III
24 	 Jericho_ T._Early Bronze III
25 	 Bet She'an_ T._Late Bronze II
25 	 Bet She'an_ T._Late Bronze II
25 	 Bet She'an_ T._Late Bronze II
25 	 Bet She'an_ T._Late Bronze II
25 	 Bet She'an_ T._Late Bronze II
25 	 Bet She'an_ T._Late Bronze II
25 	 Bet She'an_ T._Late Bronze II
25 	 Bet She'an_ T._Late Bronze II
25 	 Bet She'an_ T._Late Bronze II
25 	 Bet She'an_ T._Late Bronze II
25 	 Bet She'an_ T._Late Bronze II
25 	 Bet She'an_ T._Late Bronze II
25 	 Bet She'an_ T._Late Bronze II
25 	 Bet She'an_ T._Late Bronze II
25 	 Bet She'an_ T._Late Bronze II
25 	 Bet She'an_ T._Late Bronze II
25 	 Bet She'an_ T._Late Bronze II
25 	 Bet She'an_ T._Late Bronze II
25 	 Bet She'an_ T._Late Bronze II
25 	 Bet She'an_ T._Late Bronze II
25 	 Bet She'an_ T._Late Bronze II
26 	 Me`arat Tannur_Middle Palaeolithic
26 	 Me`arat Tannur_Middle Palaeolithic
26 	 Me`arat Tannur_Middle Palaeolithic
26 	 Me`arat Tannur_Middle Palaeolithic
26 	 Me`arat Tannur_Middle Palaeolithic
26 	 Me`arat Tannur_Middle Palaeolithic
26 	 Me`arat Tannur_Middle Palaeolithic
26 	 Me`arat Tannur_Middle Palaeolithic
26 	 Me`arat Tannur_Middle Palaeolithic
26 	 Me`arat Tannur_Middle Palaeolithic
26 	 Me`arat Tannur_Middle Palaeolithic
26 	 Me`arat Tannur_Middle Palaeolithic
26 	 Me`arat Tannur_Middle Palaeolithic
26 	 Me`arat Tannur_Middle Palaeolithic
26 	 Me`arat Tannur_Middle Palaeolithic
27 	 Megiddo_ T._Iron IA
27 	 Megiddo_ T._Iron IA
27 	 Megiddo_ T._Iron IA
27 	 Megiddo_ T._Iron IA
27 	 Megiddo_ T._Iron IA
27 	 Megiddo_ T._Iron IA
27 	 Megiddo_ T._Iron IA
27 	 Megiddo_ T._Iron IA
27 	 Megiddo_ T._Iron IA
27 	 Megiddo_ T._Iron IA
27 	 Megiddo_ T._Iron IA
27 	 Megiddo_ T._Iron IA
27 	 Megiddo_ T._Iron IA
27 	 Megiddo_ T._Iron IA
27 	 Megiddo_ T._Iron IA
27 	 Megiddo_ T._Iron IA
27 	 Megiddo_ T._Iron IA
27 	 Megiddo_ T._Iron IA
27 	 Megiddo_ T._Iron IA
27 	 Megiddo_ T._Iron IA
27 	 Megiddo_ T._Iron IA
28 	 Yavne (north-west)_Iron II
28 	 Yavne (north-west)_Iron II
28 	 Yavne (north-west)_Iron II
28 	 Yavne (north-west)_Iron II
28 	 Yavne (north-west)_Iron II
28 	 Yavne (north-west)_Iron II
28 	 Yavne (north-west)_Iron II
28 	 Yavne (north-west)_Iron II
28 	 Yavne (north-west)_Iron II
28 	 Yavne (north-west)_Iron II
28 	 Yavne (north-west)_Iron II
28 	 Yavne (north-west)_Iron II
28 	 Yavne (north-west)_Iron II
28 	 Yavne (north-west)_Iron II
28 	 Yavne (north-west)_Iron II
28 	 Yavne (north-west)_Iron II
29 	 Megiddo_ T._Late Bronze II
29 	 Megiddo_ T._Late Bronze II
29 	 Megiddo_ T._Late Bronze II
29 	 Megiddo_ T._Late Bronze II
29 	 Megiddo_ T._Late Bronze II
29 	 Megiddo_ T._Late Bronze II
29 	 Megiddo_ T._Late Bronze II
29 	 Megiddo_ T._Late Bronze II
29 	 Megiddo_ T._Late Bronze II
29 	 Megiddo_ T._Late Bronze II
29 	 Megiddo_ T._Late Bronze II
29 	 Megiddo_ T._Late Bronze II
3 	 Nahal Pattish (Gilat)_Late Chalcolithic
3 	 Nahal Pattish (Gilat)_Late Chalcolithic
3 	 Nahal Pattish (Gilat)_Late Chalcolithic
3 	 Nahal Pattish (Gilat)_Late Chalcolithic
3 	 Nahal Pattish (Gilat)_Late Chalcolithic
3 	 Nahal Pattish (Gilat)_Late Chalcolithic
3 	 Nahal Pattish (Gilat)_Late Chalcolithic
3 	 Nahal Pattish (Gilat)_Late Chalcolithic
3 	 Nahal Pattish (Gilat)_Late Chalcolithic
3 	 Nahal Pattish (Gilat)_Late Chalcolithic
3 	 Nahal Pattish (Gilat)_Late Chalcolithic
3 	 Nahal Pattish (Gilat)_Late Chalcolithic
3 	 Nahal Pattish (Gilat)_Late Chalcolithic
3 	 Nahal Pattish (Gilat)_Late Chalcolithic
3 	 Nahal Pattish (Gilat)_Late Chalcolithic
3 	 Nahal Pattish (Gilat)_Late Chalcolithic
3 	 Nahal Pattish (Gilat)_Late Chalcolithic
3 	 Nahal Pattish (Gilat)_Late Chalcolithic
3 	 Nahal Pattish (Gilat)_Late Chalcolithic
3 	 Nahal Pattish (Gilat)_Late Chalcolithic
3 	 Nahal Pattish (Gilat)_Late Chalcolithic
3 	 Nahal Pattish (Gilat)_Late Chalcolithic
3 	 Nahal Pattish (Gilat)_Late Chalcolithic
3 	 Nahal Pattish (Gilat)_Late Chalcolithic
3 	 Nahal Pattish (Gilat)_Late Chalcolithic
3 	 Nahal Pattish (Gilat)_Late Chalcolithic
3 	 Nahal Pattish (Gilat)_Late Chalcolithic
3 	 Nahal Pattish (Gilat)_Late Chalcolithic
3 	 Nahal Pattish (Gilat)_Late Chalcolithic
3 	 Nahal Pattish (Gilat)_Late Chalcolithic
3 	 Nahal Pattish (Gilat)_Late Chalcolithic
3 	 Nahal Pattish (Gilat)_Late Chalcolithic
3 	 Nahal Pattish (Gilat)_Late Chalcolithic
3 	 Nahal Pattish (Gilat)_Late Chalcolithic
3 	 Nahal Pattish (Gilat)_Late Chalcolithic
3 	 Nahal Pattish (Gilat)_Late Chalcolithic
3 	 Nahal Pattish (Gilat)_Late Chalcolithic
3 	 Nahal Pattish (Gilat)_Late Chalcolithic
3 	 Nahal Pattish (Gilat)_Late Chalcolithic
3 	 Nahal Pattish (Gilat)_Late Chalcolithic
3 	 Nahal Pattish (Gilat)_Late Chalcolithic
3 	 Nahal Pattish (Gilat)_Late Chalcolithic
3 	 Nahal Pattish (Gilat)_Late Chalcolithic
3 	 Nahal Pattish (Gilat)_Late Chalcolithic
3 	 Nahal Pattish (Gilat)_Late Chalcolithic
3 	 Nahal Pattish (Gilat)_Late Chalcolithic
3 	 Nahal Pattish (Gilat)_Late Chalcolithic
30 	 Gesher Benot Ya`aqov_Lower Palaeolithic
30 	 Gesher Benot Ya`aqov_Lower Palaeolithic
30 	 Gesher Benot Ya`aqov_Lower Palaeolithic
30 	 Gesher Benot Ya`aqov_Lower Palaeolithic
30 	 Gesher Benot Ya`aqov_Lower Palaeolithic
30 	 Gesher Benot Ya`aqov_Lower Palaeolithic
30 	 Gesher Benot Ya`aqov_Lower Palaeolithic
30 	 Gesher Benot Ya`aqov_Lower Palaeolithic
30 	 Gesher Benot Ya`aqov_Lower Palaeolithic
30 	 Gesher Benot Ya`aqov_Lower Palaeolithic
30 	 Gesher Benot Ya`aqov_Lower Palaeolithic
30 	 Gesher Benot Ya`aqov_Lower Palaeolithic
30 	 Gesher Benot Ya`aqov_Lower Palaeolithic
30 	 Gesher Benot Ya`aqov_Lower Palaeolithic
30 	 Gesher Benot Ya`aqov_Lower Palaeolithic
30 	 Gesher Benot Ya`aqov_Lower Palaeolithic
30 	 Gesher Benot Ya`aqov_Lower Palaeolithic
30 	 Gesher Benot Ya`aqov_Lower Palaeolithic
31 	 Jerusalem_ Old City_ Jewish Quarter_ Area F_ M_Early Roman (period)
31 	 Jerusalem_ Old City_ Jewish Quarter_ Area F_ M_Early Roman (period)
31 	 Jerusalem_ Old City_ Jewish Quarter_ Area F_ M_Early Roman (period)
31 	 Jerusalem_ Old City_ Jewish Quarter_ Area F_ M_Early Roman (period)
31 	 Jerusalem_ Old City_ Jewish Quarter_ Area F_ M_Early Roman (period)
31 	 Jerusalem_ Old City_ Jewish Quarter_ Area F_ M_Early Roman (period)
31 	 Jerusalem_ Old City_ Jewish Quarter_ Area F_ M_Early Roman (period)
31 	 Jerusalem_ Old City_ Jewish Quarter_ Area F_ M_Early Roman (period)
31 	 Jerusalem_ Old City_ Jewish Quarter_ Area F_ M_Early Roman (period)
31 	 Jerusalem_ Old City_ Jewish Quarter_ Area F_ M_Early Roman (period)
31 	 Jerusalem_ Old City_ Jewish Quarter_ Area F_ M_Early Roman (period)
31 	 Jerusalem_ Old City_ Jewish Quarter_ Area F_ M_Early Roman (period)
31 	 Jerusalem_ Old City_ Jewish Quarter_ Area F_ M_Early Roman (period)
31 	 Jerusalem_ Old City_ Jewish Quarter_ Area F_ M_Early Roman (period)
31 	 Jerusalem_ Old City_ Jewish Quarter_ Area F_ M_Early Roman (period)
31 	 Jerusalem_ Old City_ Jewish Quarter_ Area F_ M_Early Roman (period)
32 	 `Ujul_ T. el-_Late Bronze II
32 	 `Ujul_ T. el-_Late Bronze II
32 	 `Ujul_ T. el-_Late Bronze II
32 	 `Ujul_ T. el-_Late Bronze II
32 	 `Ujul_ T. el-_Late Bronze II
32 	 `Ujul_ T. el-_Late Bronze II
32 	 `Ujul_ T. el-_Late Bronze II
32 	 `Ujul_ T. el-_Late Bronze II
32 	 `Ujul_ T. el-_Late Bronze II
32 	 `Ujul_ T. el-_Late Bronze II
32 	 `Ujul_ T. el-_Late Bronze II
32 	 `Ujul_ T. el-_Late Bronze II
32 	 `Ujul_ T. el-_Late Bronze II
32 	 `Ujul_ T. el-_Late Bronze II
32 	 `Ujul_ T. el-_Late Bronze II
32 	 `Ujul_ T. el-_Late Bronze II
33 	 Ashqelon_ T. Ashqelon_Iron IIC
33 	 Ashqelon_ T. Ashqelon_Iron IIC
33 	 Ashqelon_ T. Ashqelon_Iron IIC
33 	 Ashqelon_ T. Ashqelon_Iron IIC
33 	 Ashqelon_ T. Ashqelon_Iron IIC
33 	 Ashqelon_ T. Ashqelon_Iron IIC
33 	 Ashqelon_ T. Ashqelon_Iron IIC
33 	 Ashqelon_ T. Ashqelon_Iron IIC
33 	 Ashqelon_ T. Ashqelon_Iron IIC
33 	 Ashqelon_ T. Ashqelon_Iron IIC
33 	 Ashqelon_ T. Ashqelon_Iron IIC
33 	 Ashqelon_ T. Ashqelon_Iron IIC
33 	 Ashqelon_ T. Ashqelon_Iron IIC
33 	 Ashqelon_ T. Ashqelon_Iron IIC
33 	 Ashqelon_ T. Ashqelon_Iron IIC
33 	 Ashqelon_ T. Ashqelon_Iron IIC
33 	 Ashqelon_ T. Ashqelon_Iron IIC
33 	 Ashqelon_ T. Ashqelon_Iron IIC
34 	 Haifa_ T. Abu Hawwam_Late Bronze II
34 	 Haifa_ T. Abu Hawwam_Late Bronze II
34 	 Haifa_ T. Abu Hawwam_Late Bronze II
34 	 Haifa_ T. Abu Hawwam_Late Bronze II
34 	 Haifa_ T. Abu Hawwam_Late Bronze II
34 	 Haifa_ T. Abu Hawwam_Late Bronze II
34 	 Haifa_ T. Abu Hawwam_Late Bronze II
34 	 Haifa_ T. Abu Hawwam_Late Bronze II
34 	 Haifa_ T. Abu Hawwam_Late Bronze II
34 	 Haifa_ T. Abu Hawwam_Late Bronze II
34 	 Haifa_ T. Abu Hawwam_Late Bronze II
34 	 Haifa_ T. Abu Hawwam_Late Bronze II
34 	 Haifa_ T. Abu Hawwam_Late Bronze II
34 	 Haifa_ T. Abu Hawwam_Late Bronze II
34 	 Haifa_ T. Abu Hawwam_Late Bronze II
35 	 Megiddo_ T._Iron I
35 	 Megiddo_ T._Iron I
35 	 Megiddo_ T._Iron I
35 	 Megiddo_ T._Iron I
35 	 Megiddo_ T._Iron I
35 	 Megiddo_ T._Iron I
35 	 Megiddo_ T._Iron I
35 	 Megiddo_ T._Iron I
35 	 Megiddo_ T._Iron I
35 	 Megiddo_ T._Iron I
35 	 Megiddo_ T._Iron I
35 	 Megiddo_ T._Iron I
36 	 Minha_ H._Pre-Pottery Neolithic B
36 	 Minha_ H._Pre-Pottery Neolithic B
36 	 Minha_ H._Pre-Pottery Neolithic B
36 	 Minha_ H._Pre-Pottery Neolithic B
36 	 Minha_ H._Pre-Pottery Neolithic B
36 	 Minha_ H._Pre-Pottery Neolithic B
36 	 Minha_ H._Pre-Pottery Neolithic B
36 	 Minha_ H._Pre-Pottery Neolithic B
36 	 Minha_ H._Pre-Pottery Neolithic B
36 	 Minha_ H._Pre-Pottery Neolithic B
36 	 Minha_ H._Pre-Pottery Neolithic B
36 	 Minha_ H._Pre-Pottery Neolithic B
36 	 Minha_ H._Pre-Pottery Neolithic B
36 	 Minha_ H._Pre-Pottery Neolithic B
36 	 Minha_ H._Pre-Pottery Neolithic B
36 	 Minha_ H._Pre-Pottery Neolithic B
36 	 Minha_ H._Pre-Pottery Neolithic B
37 	 Jericho_ T._Middle Bronze II
37 	 Jericho_ T._Middle Bronze II
37 	 Jericho_ T._Middle Bronze II
37 	 Jericho_ T._Middle Bronze II
37 	 Jericho_ T._Middle Bronze II
37 	 Jericho_ T._Middle Bronze II
37 	 Jericho_ T._Middle Bronze II
37 	 Jericho_ T._Middle Bronze II
37 	 Jericho_ T._Middle Bronze II
37 	 Jericho_ T._Middle Bronze II
37 	 Jericho_ T._Middle Bronze II
37 	 Jericho_ T._Middle Bronze II
38 	 Jerusalem_ Old City_ Jewish Quarter_ Area F_ M_Late Hellenistic - Early Roman
38 	 Jerusalem_ Old City_ Jewish Quarter_ Area F_ M_Late Hellenistic - Early Roman
38 	 Jerusalem_ Old City_ Jewish Quarter_ Area F_ M_Late Hellenistic - Early Roman
38 	 Jerusalem_ Old City_ Jewish Quarter_ Area F_ M_Late Hellenistic - Early Roman
38 	 Jerusalem_ Old City_ Jewish Quarter_ Area F_ M_Late Hellenistic - Early Roman
38 	 Jerusalem_ Old City_ Jewish Quarter_ Area F_ M_Late Hellenistic - Early Roman
38 	 Jerusalem_ Old City_ Jewish Quarter_ Area F_ M_Late Hellenistic - Early Roman
38 	 Jerusalem_ Old City_ Jewish Quarter_ Area F_ M_Late Hellenistic - Early Roman
38 	 Jerusalem_ Old City_ Jewish Quarter_ Area F_ M_Late Hellenistic - Early Roman
38 	 Jerusalem_ Old City_ Jewish Quarter_ Area F_ M_Late Hellenistic - Early Roman
38 	 Jerusalem_ Old City_ Jewish Quarter_ Area F_ M_Late Hellenistic - Early Roman
38 	 Jerusalem_ Old City_ Jewish Quarter_ Area F_ M_Late Hellenistic - Early Roman
38 	 Jerusalem_ Old City_ Jewish Quarter_ Area F_ M_Late Hellenistic - Early Roman
39 	 Magharat Abu Shinja_Persian
39 	 Magharat Abu Shinja_Persian
39 	 Magharat Abu Shinja_Persian
39 	 Magharat Abu Shinja_Persian
39 	 Magharat Abu Shinja_Persian
39 	 Magharat Abu Shinja_Persian
39 	 Magharat Abu Shinja_Persian
39 	 Magharat Abu Shinja_Persian
39 	 Magharat Abu Shinja_Persian
39 	 Magharat Abu Shinja_Persian
39 	 Magharat Abu Shinja_Persian
39 	 Magharat Abu Shinja_Persian
39 	 Magharat Abu Shinja_Persian
4 	 Jerusalem_ City of David_Iron II
4 	 Jerusalem_ City of David_Iron II
4 	 Jerusalem_ City of David_Iron II
4 	 Jerusalem_ City of David_Iron II
4 	 Jerusalem_ City of David_Iron II
4 	 Jerusalem_ City of David_Iron II
4 	 Jerusalem_ City of David_Iron II
4 	 Jerusalem_ City of David_Iron II
4 	 Jerusalem_ City of David_Iron II
4 	 Jerusalem_ City of David_Iron II
4 	 Jerusalem_ City of David_Iron II
4 	 Jerusalem_ City of David_Iron II
4 	 Jerusalem_ City of David_Iron II
4 	 Jerusalem_ City of David_Iron II
4 	 Jerusalem_ City of David_Iron II
4 	 Jerusalem_ City of David_Iron II
4 	 Jerusalem_ City of David_Iron II
4 	 Jerusalem_ City of David_Iron II
4 	 Jerusalem_ City of David_Iron II
4 	 Jerusalem_ City of David_Iron II
4 	 Jerusalem_ City of David_Iron II
4 	 Jerusalem_ City of David_Iron II
4 	 Jerusalem_ City of David_Iron II
4 	 Jerusalem_ City of David_Iron II
4 	 Jerusalem_ City of David_Iron II
4 	 Jerusalem_ City of David_Iron II
4 	 Jerusalem_ City of David_Iron II
4 	 Jerusalem_ City of David_Iron II
4 	 Jerusalem_ City of David_Iron II
4 	 Jerusalem_ City of David_Iron II
4 	 Jerusalem_ City of David_Iron II
4 	 Jerusalem_ City of David_Iron II
4 	 Jerusalem_ City of David_Iron II
4 	 Jerusalem_ City of David_Iron II
4 	 Jerusalem_ City of David_Iron II
4 	 Jerusalem_ City of David_Iron II
4 	 Jerusalem_ City of David_Iron II
4 	 Jerusalem_ City of David_Iron II
40 	 Akhziv_Iron II
40 	 Akhziv_Iron II
40 	 Akhziv_Iron II
40 	 Akhziv_Iron II
40 	 Akhziv_Iron II
40 	 Akhziv_Iron II
40 	 Akhziv_Iron II
40 	 Akhziv_Iron II
40 	 Akhziv_Iron II
40 	 Akhziv_Iron II
41 	 Ashqelon_ T. Ashqelon_Iron II
41 	 Ashqelon_ T. Ashqelon_Iron II
41 	 Ashqelon_ T. Ashqelon_Iron II
41 	 Ashqelon_ T. Ashqelon_Iron II
41 	 Ashqelon_ T. Ashqelon_Iron II
41 	 Ashqelon_ T. Ashqelon_Iron II
41 	 Ashqelon_ T. Ashqelon_Iron II
41 	 Ashqelon_ T. Ashqelon_Iron II
41 	 Ashqelon_ T. Ashqelon_Iron II
41 	 Ashqelon_ T. Ashqelon_Iron II
41 	 Ashqelon_ T. Ashqelon_Iron II
41 	 Ashqelon_ T. Ashqelon_Iron II
42 	 `Akko_ Persian Garden_Late Bronze II
42 	 `Akko_ Persian Garden_Late Bronze II
42 	 `Akko_ Persian Garden_Late Bronze II
42 	 `Akko_ Persian Garden_Late Bronze II
42 	 `Akko_ Persian Garden_Late Bronze II
42 	 `Akko_ Persian Garden_Late Bronze II
42 	 `Akko_ Persian Garden_Late Bronze II
42 	 `Akko_ Persian Garden_Late Bronze II
42 	 `Akko_ Persian Garden_Late Bronze II
42 	 `Akko_ Persian Garden_Late Bronze II
42 	 `Akko_ Persian Garden_Late Bronze II
42 	 `Akko_ Persian Garden_Late Bronze II
43 	 `En Gedi_Byzantine
43 	 `En Gedi_Byzantine
43 	 `En Gedi_Byzantine
43 	 `En Gedi_Byzantine
43 	 `En Gedi_Byzantine
43 	 `En Gedi_Byzantine
43 	 `En Gedi_Byzantine
43 	 `En Gedi_Byzantine
43 	 `En Gedi_Byzantine
43 	 `En Gedi_Byzantine
43 	 `En Gedi_Byzantine
43 	 `En Gedi_Byzantine
44 	 Gezer_ T._Late Bronze
44 	 Gezer_ T._Late Bronze
44 	 Gezer_ T._Late Bronze
44 	 Gezer_ T._Late Bronze
44 	 Gezer_ T._Late Bronze
44 	 Gezer_ T._Late Bronze
44 	 Gezer_ T._Late Bronze
44 	 Gezer_ T._Late Bronze
45 	 Jerusalem_ `En Rogel_Roman
45 	 Jerusalem_ `En Rogel_Roman
45 	 Jerusalem_ `En Rogel_Roman
45 	 Jerusalem_ `En Rogel_Roman
45 	 Jerusalem_ `En Rogel_Roman
45 	 Jerusalem_ `En Rogel_Roman
45 	 Jerusalem_ `En Rogel_Roman
45 	 Jerusalem_ `En Rogel_Roman
45 	 Jerusalem_ `En Rogel_Roman
45 	 Jerusalem_ `En Rogel_Roman
45 	 Jerusalem_ `En Rogel_Roman
45 	 Jerusalem_ `En Rogel_Roman
46 	 `En Besor_Early Bronze IB
46 	 `En Besor_Early Bronze IB
46 	 `En Besor_Early Bronze IB
46 	 `En Besor_Early Bronze IB
46 	 `En Besor_Early Bronze IB
46 	 `En Besor_Early Bronze IB
46 	 `En Besor_Early Bronze IB
46 	 `En Besor_Early Bronze IB
46 	 `En Besor_Early Bronze IB
46 	 `En Besor_Early Bronze IB
46 	 `En Besor_Early Bronze IB
46 	 `En Besor_Early Bronze IB
47 	 Bet She'an_ T._Middle Bronze II
47 	 Bet She'an_ T._Middle Bronze II
47 	 Bet She'an_ T._Middle Bronze II
47 	 Bet She'an_ T._Middle Bronze II
47 	 Bet She'an_ T._Middle Bronze II
47 	 Bet She'an_ T._Middle Bronze II
47 	 Bet She'an_ T._Middle Bronze II
47 	 Bet She'an_ T._Middle Bronze II
47 	 Bet She'an_ T._Middle Bronze II
47 	 Bet She'an_ T._Middle Bronze II
47 	 Bet She'an_ T._Middle Bronze II
48 	 Jerusalem_ Old City_ Western and Southern Walls_Early Roman (period)
48 	 Jerusalem_ Old City_ Western and Southern Walls_Early Roman (period)
48 	 Jerusalem_ Old City_ Western and Southern Walls_Early Roman (period)
48 	 Jerusalem_ Old City_ Western and Southern Walls_Early Roman (period)
48 	 Jerusalem_ Old City_ Western and Southern Walls_Early Roman (period)
48 	 Jerusalem_ Old City_ Western and Southern Walls_Early Roman (period)
48 	 Jerusalem_ Old City_ Western and Southern Walls_Early Roman (period)
48 	 Jerusalem_ Old City_ Western and Southern Walls_Early Roman (period)
48 	 Jerusalem_ Old City_ Western and Southern Walls_Early Roman (period)
48 	 Jerusalem_ Old City_ Western and Southern Walls_Early Roman (period)
49 	 Hurfeish_Late Roman
49 	 Hurfeish_Late Roman
49 	 Hurfeish_Late Roman
49 	 Hurfeish_Late Roman
49 	 Hurfeish_Late Roman
49 	 Hurfeish_Late Roman
5 	 Nahal Hemar_Pre-Pottery Neolithic B
5 	 Nahal Hemar_Pre-Pottery Neolithic B
5 	 Nahal Hemar_Pre-Pottery Neolithic B
5 	 Nahal Hemar_Pre-Pottery Neolithic B
5 	 Nahal Hemar_Pre-Pottery Neolithic B
5 	 Nahal Hemar_Pre-Pottery Neolithic B
5 	 Nahal Hemar_Pre-Pottery Neolithic B
5 	 Nahal Hemar_Pre-Pottery Neolithic B
5 	 Nahal Hemar_Pre-Pottery Neolithic B
5 	 Nahal Hemar_Pre-Pottery Neolithic B
5 	 Nahal Hemar_Pre-Pottery Neolithic B
5 	 Nahal Hemar_Pre-Pottery Neolithic B
5 	 Nahal Hemar_Pre-Pottery Neolithic B
5 	 Nahal Hemar_Pre-Pottery Neolithic B
5 	 Nahal Hemar_Pre-Pottery Neolithic B
5 	 Nahal Hemar_Pre-Pottery Neolithic B
5 	 Nahal Hemar_Pre-Pottery Neolithic B
5 	 Nahal Hemar_Pre-Pottery Neolithic B
5 	 Nahal Hemar_Pre-Pottery Neolithic B
5 	 Nahal Hemar_Pre-Pottery Neolithic B
5 	 Nahal Hemar_Pre-Pottery Neolithic B
5 	 Nahal Hemar_Pre-Pottery Neolithic B
5 	 Nahal Hemar_Pre-Pottery Neolithic B
5 	 Nahal Hemar_Pre-Pottery Neolithic B
5 	 Nahal Hemar_Pre-Pottery Neolithic B
5 	 Nahal Hemar_Pre-Pottery Neolithic B
5 	 Nahal Hemar_Pre-Pottery Neolithic B
5 	 Nahal Hemar_Pre-Pottery Neolithic B
5 	 Nahal Hemar_Pre-Pottery Neolithic B
5 	 Nahal Hemar_Pre-Pottery Neolithic B
5 	 Nahal Hemar_Pre-Pottery Neolithic B
5 	 Nahal Hemar_Pre-Pottery Neolithic B
5 	 Nahal Hemar_Pre-Pottery Neolithic B
50 	 Samaria_Iron II
50 	 Samaria_Iron II
50 	 Samaria_Iron II
50 	 Samaria_Iron II
50 	 Samaria_Iron II
50 	 Samaria_Iron II
50 	 Samaria_Iron II
50 	 Samaria_Iron II
50 	 Samaria_Iron II
50 	 Samaria_Iron II
50 	 Samaria_Iron II
50 	 Samaria_Iron II
51 	 Wadi Murabba`at_ Cave 1_Roman
51 	 Wadi Murabba`at_ Cave 1_Roman
51 	 Wadi Murabba`at_ Cave 1_Roman
51 	 Wadi Murabba`at_ Cave 1_Roman
51 	 Wadi Murabba`at_ Cave 1_Roman
51 	 Wadi Murabba`at_ Cave 1_Roman
51 	 Wadi Murabba`at_ Cave 1_Roman
51 	 Wadi Murabba`at_ Cave 1_Roman
52 	 Mayan Baruch _Lower Palaeolithic
52 	 Mayan Baruch _Lower Palaeolithic
52 	 Mayan Baruch _Lower Palaeolithic
52 	 Mayan Baruch _Lower Palaeolithic
52 	 Mayan Baruch _Lower Palaeolithic
52 	 Mayan Baruch _Lower Palaeolithic
52 	 Mayan Baruch _Lower Palaeolithic
52 	 Mayan Baruch _Lower Palaeolithic
52 	 Mayan Baruch _Lower Palaeolithic
52 	 Mayan Baruch _Lower Palaeolithic
52 	 Mayan Baruch _Lower Palaeolithic
52 	 Mayan Baruch _Lower Palaeolithic
53 	 Yiftah'el_ H._Pre-Pottery Neolithic B
53 	 Yiftah'el_ H._Pre-Pottery Neolithic B
53 	 Yiftah'el_ H._Pre-Pottery Neolithic B
53 	 Yiftah'el_ H._Pre-Pottery Neolithic B
53 	 Yiftah'el_ H._Pre-Pottery Neolithic B
53 	 Yiftah'el_ H._Pre-Pottery Neolithic B
53 	 Yiftah'el_ H._Pre-Pottery Neolithic B
53 	 Yiftah'el_ H._Pre-Pottery Neolithic B
53 	 Yiftah'el_ H._Pre-Pottery Neolithic B
53 	 Yiftah'el_ H._Pre-Pottery Neolithic B
54 	 `Arad_ T._Early Bronze II
54 	 `Arad_ T._Early Bronze II
54 	 `Arad_ T._Early Bronze II
54 	 `Arad_ T._Early Bronze II
54 	 `Arad_ T._Early Bronze II
54 	 `Arad_ T._Early Bronze II
54 	 `Arad_ T._Early Bronze II
54 	 `Arad_ T._Early Bronze II
54 	 `Arad_ T._Early Bronze II
54 	 `Arad_ T._Early Bronze II
55 	 Megiddo_ T._Iron II
55 	 Megiddo_ T._Iron II
55 	 Megiddo_ T._Iron II
55 	 Megiddo_ T._Iron II
55 	 Megiddo_ T._Iron II
55 	 Megiddo_ T._Iron II
55 	 Megiddo_ T._Iron II
55 	 Megiddo_ T._Iron II
55 	 Megiddo_ T._Iron II
55 	 Megiddo_ T._Iron II
55 	 Megiddo_ T._Iron II
55 	 Megiddo_ T._Iron II
55 	 Megiddo_ T._Iron II
55 	 Megiddo_ T._Iron II
55 	 Megiddo_ T._Iron II
56 	 Mezad Hazeva_Iron II
56 	 Mezad Hazeva_Iron II
56 	 Mezad Hazeva_Iron II
56 	 Mezad Hazeva_Iron II
56 	 Mezad Hazeva_Iron II
56 	 Mezad Hazeva_Iron II
56 	 Mezad Hazeva_Iron II
57 	 Jerusalem_ City of David_Persian
57 	 Jerusalem_ City of David_Persian
57 	 Jerusalem_ City of David_Persian
57 	 Jerusalem_ City of David_Persian
57 	 Jerusalem_ City of David_Persian
57 	 Jerusalem_ City of David_Persian
57 	 Jerusalem_ City of David_Persian
57 	 Jerusalem_ City of David_Persian
57 	 Jerusalem_ City of David_Persian
57 	 Jerusalem_ City of David_Persian
57 	 Jerusalem_ City of David_Persian
57 	 Jerusalem_ City of David_Persian
58 	 Bet Mirsham_ T._Iron II
58 	 Bet Mirsham_ T._Iron II
58 	 Bet Mirsham_ T._Iron II
58 	 Bet Mirsham_ T._Iron II
58 	 Bet Mirsham_ T._Iron II
58 	 Bet Mirsham_ T._Iron II
58 	 Bet Mirsham_ T._Iron II
58 	 Bet Mirsham_ T._Iron II
58 	 Bet Mirsham_ T._Iron II
58 	 Bet Mirsham_ T._Iron II
58 	 Bet Mirsham_ T._Iron II
58 	 Bet Mirsham_ T._Iron II
59 	 Bet-Shemesh_ T._Iron II
59 	 Bet-Shemesh_ T._Iron II
59 	 Bet-Shemesh_ T._Iron II
59 	 Bet-Shemesh_ T._Iron II
59 	 Bet-Shemesh_ T._Iron II
59 	 Bet-Shemesh_ T._Iron II
59 	 Bet-Shemesh_ T._Iron II
6 	 `Ujul_ T. el-_Middle Bronze II-Late Bronze
6 	 `Ujul_ T. el-_Middle Bronze II-Late Bronze
6 	 `Ujul_ T. el-_Middle Bronze II-Late Bronze
6 	 `Ujul_ T. el-_Middle Bronze II-Late Bronze
6 	 `Ujul_ T. el-_Middle Bronze II-Late Bronze
6 	 `Ujul_ T. el-_Middle Bronze II-Late Bronze
6 	 `Ujul_ T. el-_Middle Bronze II-Late Bronze
6 	 `Ujul_ T. el-_Middle Bronze II-Late Bronze
6 	 `Ujul_ T. el-_Middle Bronze II-Late Bronze
6 	 `Ujul_ T. el-_Middle Bronze II-Late Bronze
6 	 `Ujul_ T. el-_Middle Bronze II-Late Bronze
6 	 `Ujul_ T. el-_Middle Bronze II-Late Bronze
6 	 `Ujul_ T. el-_Middle Bronze II-Late Bronze
6 	 `Ujul_ T. el-_Middle Bronze II-Late Bronze
6 	 `Ujul_ T. el-_Middle Bronze II-Late Bronze
6 	 `Ujul_ T. el-_Middle Bronze II-Late Bronze
6 	 `Ujul_ T. el-_Middle Bronze II-Late Bronze
6 	 `Ujul_ T. el-_Middle Bronze II-Late Bronze
6 	 `Ujul_ T. el-_Middle Bronze II-Late Bronze
6 	 `Ujul_ T. el-_Middle Bronze II-Late Bronze
6 	 `Ujul_ T. el-_Middle Bronze II-Late Bronze
6 	 `Ujul_ T. el-_Middle Bronze II-Late Bronze
6 	 `Ujul_ T. el-_Middle Bronze II-Late Bronze
6 	 `Ujul_ T. el-_Middle Bronze II-Late Bronze
6 	 `Ujul_ T. el-_Middle Bronze II-Late Bronze
6 	 `Ujul_ T. el-_Middle Bronze II-Late Bronze
6 	 `Ujul_ T. el-_Middle Bronze II-Late Bronze
6 	 `Ujul_ T. el-_Middle Bronze II-Late Bronze
6 	 `Ujul_ T. el-_Middle Bronze II-Late Bronze
6 	 `Ujul_ T. el-_Middle Bronze II-Late Bronze
6 	 `Ujul_ T. el-_Middle Bronze II-Late Bronze
6 	 `Ujul_ T. el-_Middle Bronze II-Late Bronze
6 	 `Ujul_ T. el-_Middle Bronze II-Late Bronze
6 	 `Ujul_ T. el-_Middle Bronze II-Late Bronze
6 	 `Ujul_ T. el-_Middle Bronze II-Late Bronze
6 	 `Ujul_ T. el-_Middle Bronze II-Late Bronze
6 	 `Ujul_ T. el-_Middle Bronze II-Late Bronze
6 	 `Ujul_ T. el-_Middle Bronze II-Late Bronze
6 	 `Ujul_ T. el-_Middle Bronze II-Late Bronze
6 	 `Ujul_ T. el-_Middle Bronze II-Late Bronze
60 	 Mafjar_ Kh. el-_Umayyad
60 	 Mafjar_ Kh. el-_Umayyad
60 	 Mafjar_ Kh. el-_Umayyad
60 	 Mafjar_ Kh. el-_Umayyad
60 	 Mafjar_ Kh. el-_Umayyad
60 	 Mafjar_ Kh. el-_Umayyad
60 	 Mafjar_ Kh. el-_Umayyad
60 	 Mafjar_ Kh. el-_Umayyad
60 	 Mafjar_ Kh. el-_Umayyad
61 	 Magharat Shuqba_Natufian
61 	 Magharat Shuqba_Natufian
61 	 Magharat Shuqba_Natufian
61 	 Magharat Shuqba_Natufian
61 	 Magharat Shuqba_Natufian
61 	 Magharat Shuqba_Natufian
61 	 Magharat Shuqba_Natufian
61 	 Magharat Shuqba_Natufian
61 	 Magharat Shuqba_Natufian
61 	 Magharat Shuqba_Natufian
62 	 Nahariyya_ Canaanite Temple_Middle Bronze II
62 	 Nahariyya_ Canaanite Temple_Middle Bronze II
62 	 Nahariyya_ Canaanite Temple_Middle Bronze II
62 	 Nahariyya_ Canaanite Temple_Middle Bronze II
62 	 Nahariyya_ Canaanite Temple_Middle Bronze II
62 	 Nahariyya_ Canaanite Temple_Middle Bronze II
62 	 Nahariyya_ Canaanite Temple_Middle Bronze II
62 	 Nahariyya_ Canaanite Temple_Middle Bronze II
63 	 Besamon_Neolithic
63 	 Besamon_Neolithic
63 	 Besamon_Neolithic
63 	 Besamon_Neolithic
63 	 Besamon_Neolithic
63 	 Besamon_Neolithic
63 	 Besamon_Neolithic
63 	 Besamon_Neolithic
63 	 Besamon_Neolithic
64 	 Bet Mirsham_ T._Middle Bronze II
64 	 Bet Mirsham_ T._Middle Bronze II
64 	 Bet Mirsham_ T._Middle Bronze II
64 	 Bet Mirsham_ T._Middle Bronze II
64 	 Bet Mirsham_ T._Middle Bronze II
64 	 Bet Mirsham_ T._Middle Bronze II
64 	 Bet Mirsham_ T._Middle Bronze II
64 	 Bet Mirsham_ T._Middle Bronze II
64 	 Bet Mirsham_ T._Middle Bronze II
65 	 Bet She'an_ T._Iron II
65 	 Bet She'an_ T._Iron II
65 	 Bet She'an_ T._Iron II
65 	 Bet She'an_ T._Iron II
65 	 Bet She'an_ T._Iron II
65 	 Bet She'an_ T._Iron II
66 	 Lakhish_ T._Late Bronze II
66 	 Lakhish_ T._Late Bronze II
66 	 Lakhish_ T._Late Bronze II
66 	 Lakhish_ T._Late Bronze II
67 	 Kfar Monash_Early Bronze IB
67 	 Kfar Monash_Early Bronze IB
67 	 Kfar Monash_Early Bronze IB
67 	 Kfar Monash_Early Bronze IB
67 	 Kfar Monash_Early Bronze IB
67 	 Kfar Monash_Early Bronze IB
67 	 Kfar Monash_Early Bronze IB
68 	 Zif_ Kh._Middle Palaeolithic
68 	 Zif_ Kh._Middle Palaeolithic
68 	 Zif_ Kh._Middle Palaeolithic
68 	 Zif_ Kh._Middle Palaeolithic
68 	 Zif_ Kh._Middle Palaeolithic
68 	 Zif_ Kh._Middle Palaeolithic
68 	 Zif_ Kh._Middle Palaeolithic
68 	 Zif_ Kh._Middle Palaeolithic
68 	 Zif_ Kh._Middle Palaeolithic
68 	 Zif_ Kh._Middle Palaeolithic
68 	 Zif_ Kh._Middle Palaeolithic
69 	 Magharat Shuqba_Middle Palaeolithic
69 	 Magharat Shuqba_Middle Palaeolithic
69 	 Magharat Shuqba_Middle Palaeolithic
69 	 Magharat Shuqba_Middle Palaeolithic
69 	 Magharat Shuqba_Middle Palaeolithic
69 	 Magharat Shuqba_Middle Palaeolithic
69 	 Magharat Shuqba_Middle Palaeolithic
69 	 Magharat Shuqba_Middle Palaeolithic
7 	 Me`arat Kebara_Natufian
7 	 Me`arat Kebara_Natufian
7 	 Me`arat Kebara_Natufian
7 	 Me`arat Kebara_Natufian
7 	 Me`arat Kebara_Natufian
7 	 Me`arat Kebara_Natufian
7 	 Me`arat Kebara_Natufian
7 	 Me`arat Kebara_Natufian
7 	 Me`arat Kebara_Natufian
7 	 Me`arat Kebara_Natufian
7 	 Me`arat Kebara_Natufian
7 	 Me`arat Kebara_Natufian
7 	 Me`arat Kebara_Natufian
7 	 Me`arat Kebara_Natufian
7 	 Me`arat Kebara_Natufian
7 	 Me`arat Kebara_Natufian
7 	 Me`arat Kebara_Natufian
7 	 Me`arat Kebara_Natufian
7 	 Me`arat Kebara_Natufian
7 	 Me`arat Kebara_Natufian
7 	 Me`arat Kebara_Natufian
7 	 Me`arat Kebara_Natufian
7 	 Me`arat Kebara_Natufian
7 	 Me`arat Kebara_Natufian
7 	 Me`arat Kebara_Natufian
7 	 Me`arat Kebara_Natufian
7 	 Me`arat Kebara_Natufian
7 	 Me`arat Kebara_Natufian
7 	 Me`arat Kebara_Natufian
7 	 Me`arat Kebara_Natufian
70 	 Magharat Umm Qatafa_Lower Palaeolithic
70 	 Magharat Umm Qatafa_Lower Palaeolithic
70 	 Magharat Umm Qatafa_Lower Palaeolithic
70 	 Magharat Umm Qatafa_Lower Palaeolithic
70 	 Magharat Umm Qatafa_Lower Palaeolithic
70 	 Magharat Umm Qatafa_Lower Palaeolithic
70 	 Magharat Umm Qatafa_Lower Palaeolithic
70 	 Magharat Umm Qatafa_Lower Palaeolithic
70 	 Magharat Umm Qatafa_Lower Palaeolithic
70 	 Magharat Umm Qatafa_Lower Palaeolithic
71 	 Ramat Rahel_Iron II
71 	 Ramat Rahel_Iron II
71 	 Ramat Rahel_Iron II
71 	 Ramat Rahel_Iron II
71 	 Ramat Rahel_Iron II
71 	 Ramat Rahel_Iron II
71 	 Ramat Rahel_Iron II
71 	 Ramat Rahel_Iron II
72 	 Bet She'an_ T._Iron I
72 	 Bet She'an_ T._Iron I
72 	 Bet She'an_ T._Iron I
72 	 Bet She'an_ T._Iron I
72 	 Bet She'an_ T._Iron I
72 	 Bet She'an_ T._Iron I
72 	 Bet She'an_ T._Iron I
72 	 Bet She'an_ T._Iron I
72 	 Bet She'an_ T._Iron I
72 	 Bet She'an_ T._Iron I
73 	 Jerusalem_ City of David_Early Roman (period)
73 	 Jerusalem_ City of David_Early Roman (period)
73 	 Jerusalem_ City of David_Early Roman (period)
73 	 Jerusalem_ City of David_Early Roman (period)
73 	 Jerusalem_ City of David_Early Roman (period)
73 	 Jerusalem_ City of David_Early Roman (period)
73 	 Jerusalem_ City of David_Early Roman (period)
73 	 Jerusalem_ City of David_Early Roman (period)
74 	 Jerusalem_ Old City_Early Roman (period)
74 	 Jerusalem_ Old City_Early Roman (period)
74 	 Jerusalem_ Old City_Early Roman (period)
74 	 Jerusalem_ Old City_Early Roman (period)
74 	 Jerusalem_ Old City_Early Roman (period)
74 	 Jerusalem_ Old City_Early Roman (period)
74 	 Jerusalem_ Old City_Early Roman (period)
74 	 Jerusalem_ Old City_Early Roman (period)
74 	 Jerusalem_ Old City_Early Roman (period)
74 	 Jerusalem_ Old City_Early Roman (period)
75 	 Jerusalem_ Har ha-Zofim (east)_Early Roman (period)
75 	 Jerusalem_ Har ha-Zofim (east)_Early Roman (period)
75 	 Jerusalem_ Har ha-Zofim (east)_Early Roman (period)
75 	 Jerusalem_ Har ha-Zofim (east)_Early Roman (period)
75 	 Jerusalem_ Har ha-Zofim (east)_Early Roman (period)
75 	 Jerusalem_ Har ha-Zofim (east)_Early Roman (period)
75 	 Jerusalem_ Har ha-Zofim (east)_Early Roman (period)
76 	 Ramla_ esh-Sheikh Rihan_Early Islamic
76 	 Ramla_ esh-Sheikh Rihan_Early Islamic
76 	 Ramla_ esh-Sheikh Rihan_Early Islamic
76 	 Ramla_ esh-Sheikh Rihan_Early Islamic
76 	 Ramla_ esh-Sheikh Rihan_Early Islamic
76 	 Ramla_ esh-Sheikh Rihan_Early Islamic
76 	 Ramla_ esh-Sheikh Rihan_Early Islamic
76 	 Ramla_ esh-Sheikh Rihan_Early Islamic
77 	 Jerusalem_ Rehov Salah ed-Din_ Ministry of Justice_Late Roman
77 	 Jerusalem_ Rehov Salah ed-Din_ Ministry of Justice_Late Roman
77 	 Jerusalem_ Rehov Salah ed-Din_ Ministry of Justice_Late Roman
77 	 Jerusalem_ Rehov Salah ed-Din_ Ministry of Justice_Late Roman
77 	 Jerusalem_ Rehov Salah ed-Din_ Ministry of Justice_Late Roman
77 	 Jerusalem_ Rehov Salah ed-Din_ Ministry of Justice_Late Roman
78 	 `Arad_ T._Iron II
78 	 `Arad_ T._Iron II
78 	 `Arad_ T._Iron II
78 	 `Arad_ T._Iron II
78 	 `Arad_ T._Iron II
78 	 `Arad_ T._Iron II
78 	 `Arad_ T._Iron II
78 	 `Arad_ T._Iron II
78 	 `Arad_ T._Iron II
78 	 `Arad_ T._Iron II
78 	 `Arad_ T._Iron II
79 	 Jerusalem_ `En Rogel_Early Roman (period)
79 	 Jerusalem_ `En Rogel_Early Roman (period)
79 	 Jerusalem_ `En Rogel_Early Roman (period)
79 	 Jerusalem_ `En Rogel_Early Roman (period)
79 	 Jerusalem_ `En Rogel_Early Roman (period)
79 	 Jerusalem_ `En Rogel_Early Roman (period)
8 	 Nahal Mishmar_ Me`arat ha-Matmon_Late Chalcolithic
8 	 Nahal Mishmar_ Me`arat ha-Matmon_Late Chalcolithic
8 	 Nahal Mishmar_ Me`arat ha-Matmon_Late Chalcolithic
8 	 Nahal Mishmar_ Me`arat ha-Matmon_Late Chalcolithic
8 	 Nahal Mishmar_ Me`arat ha-Matmon_Late Chalcolithic
8 	 Nahal Mishmar_ Me`arat ha-Matmon_Late Chalcolithic
8 	 Nahal Mishmar_ Me`arat ha-Matmon_Late Chalcolithic
8 	 Nahal Mishmar_ Me`arat ha-Matmon_Late Chalcolithic
8 	 Nahal Mishmar_ Me`arat ha-Matmon_Late Chalcolithic
8 	 Nahal Mishmar_ Me`arat ha-Matmon_Late Chalcolithic
8 	 Nahal Mishmar_ Me`arat ha-Matmon_Late Chalcolithic
8 	 Nahal Mishmar_ Me`arat ha-Matmon_Late Chalcolithic
8 	 Nahal Mishmar_ Me`arat ha-Matmon_Late Chalcolithic
8 	 Nahal Mishmar_ Me`arat ha-Matmon_Late Chalcolithic
8 	 Nahal Mishmar_ Me`arat ha-Matmon_Late Chalcolithic
8 	 Nahal Mishmar_ Me`arat ha-Matmon_Late Chalcolithic
8 	 Nahal Mishmar_ Me`arat ha-Matmon_Late Chalcolithic
8 	 Nahal Mishmar_ Me`arat ha-Matmon_Late Chalcolithic
8 	 Nahal Mishmar_ Me`arat ha-Matmon_Late Chalcolithic
8 	 Nahal Mishmar_ Me`arat ha-Matmon_Late Chalcolithic
8 	 Nahal Mishmar_ Me`arat ha-Matmon_Late Chalcolithic
8 	 Nahal Mishmar_ Me`arat ha-Matmon_Late Chalcolithic
8 	 Nahal Mishmar_ Me`arat ha-Matmon_Late Chalcolithic
8 	 Nahal Mishmar_ Me`arat ha-Matmon_Late Chalcolithic
8 	 Nahal Mishmar_ Me`arat ha-Matmon_Late Chalcolithic
8 	 Nahal Mishmar_ Me`arat ha-Matmon_Late Chalcolithic
8 	 Nahal Mishmar_ Me`arat ha-Matmon_Late Chalcolithic
8 	 Nahal Mishmar_ Me`arat ha-Matmon_Late Chalcolithic
8 	 Nahal Mishmar_ Me`arat ha-Matmon_Late Chalcolithic
8 	 Nahal Mishmar_ Me`arat ha-Matmon_Late Chalcolithic
8 	 Nahal Mishmar_ Me`arat ha-Matmon_Late Chalcolithic
8 	 Nahal Mishmar_ Me`arat ha-Matmon_Late Chalcolithic
8 	 Nahal Mishmar_ Me`arat ha-Matmon_Late Chalcolithic
8 	 Nahal Mishmar_ Me`arat ha-Matmon_Late Chalcolithic
8 	 Nahal Mishmar_ Me`arat ha-Matmon_Late Chalcolithic
80 	 Me`arat Oren_Natufian
80 	 Me`arat Oren_Natufian
80 	 Me`arat Oren_Natufian
80 	 Me`arat Oren_Natufian
80 	 Me`arat Oren_Natufian
80 	 Me`arat Oren_Natufian
80 	 Me`arat Oren_Natufian
81 	 Har Harif_Harifian
81 	 Har Harif_Harifian
81 	 Har Harif_Harifian
81 	 Har Harif_Harifian
81 	 Har Harif_Harifian
81 	 Har Harif_Harifian
81 	 Har Harif_Harifian
81 	 Har Harif_Harifian
81 	 Har Harif_Harifian
82 	 Sha`ar ha-Golan_Pottery Neolithic
82 	 Sha`ar ha-Golan_Pottery Neolithic
82 	 Sha`ar ha-Golan_Pottery Neolithic
82 	 Sha`ar ha-Golan_Pottery Neolithic
82 	 Sha`ar ha-Golan_Pottery Neolithic
82 	 Sha`ar ha-Golan_Pottery Neolithic
83 	 Megiddo_ T._Early Bronze I
83 	 Megiddo_ T._Early Bronze I
83 	 Megiddo_ T._Early Bronze I
83 	 Megiddo_ T._Early Bronze I
83 	 Megiddo_ T._Early Bronze I
83 	 Megiddo_ T._Early Bronze I
83 	 Megiddo_ T._Early Bronze I
83 	 Megiddo_ T._Early Bronze I
83 	 Megiddo_ T._Early Bronze I
84 	 Nemal Akhziv_Iron II
84 	 Nemal Akhziv_Iron II
84 	 Nemal Akhziv_Iron II
84 	 Nemal Akhziv_Iron II
84 	 Nemal Akhziv_Iron II
84 	 Nemal Akhziv_Iron II
84 	 Nemal Akhziv_Iron II
84 	 Nemal Akhziv_Iron II
84 	 Nemal Akhziv_Iron II
85 	 `Atlit_Persian
85 	 `Atlit_Persian
85 	 `Atlit_Persian
85 	 `Atlit_Persian
85 	 `Atlit_Persian
85 	 `Atlit_Persian
86 	 Besamon_Pottery Neolithic
86 	 Besamon_Pottery Neolithic
86 	 Besamon_Pottery Neolithic
86 	 Besamon_Pottery Neolithic
86 	 Besamon_Pottery Neolithic
86 	 Besamon_Pottery Neolithic
87 	 Caesarea_Fatimid
87 	 Caesarea_Fatimid
87 	 Caesarea_Fatimid
87 	 Caesarea_Fatimid
88 	 Nahariyya_ Giv`at Katzenelson_Late Roman
88 	 Nahariyya_ Giv`at Katzenelson_Late Roman
88 	 Nahariyya_ Giv`at Katzenelson_Late Roman
88 	 Nahariyya_ Giv`at Katzenelson_Late Roman
89 	 `Ovadya_ T._ Prehistoric site_Lower Palaeolithic
89 	 `Ovadya_ T._ Prehistoric site_Lower Palaeolithic
89 	 `Ovadya_ T._ Prehistoric site_Lower Palaeolithic
89 	 `Ovadya_ T._ Prehistoric site_Lower Palaeolithic
89 	 `Ovadya_ T._ Prehistoric site_Lower Palaeolithic
89 	 `Ovadya_ T._ Prehistoric site_Lower Palaeolithic
89 	 `Ovadya_ T._ Prehistoric site_Lower Palaeolithic
89 	 `Ovadya_ T._ Prehistoric site_Lower Palaeolithic
9 	 Sha`ar ha-Golan_Pottery Neolithic A
9 	 Sha`ar ha-Golan_Pottery Neolithic A
9 	 Sha`ar ha-Golan_Pottery Neolithic A
9 	 Sha`ar ha-Golan_Pottery Neolithic A
9 	 Sha`ar ha-Golan_Pottery Neolithic A
9 	 Sha`ar ha-Golan_Pottery Neolithic A
9 	 Sha`ar ha-Golan_Pottery Neolithic A
9 	 Sha`ar ha-Golan_Pottery Neolithic A
9 	 Sha`ar ha-Golan_Pottery Neolithic A
9 	 Sha`ar ha-Golan_Pottery Neolithic A
9 	 Sha`ar ha-Golan_Pottery Neolithic A
9 	 Sha`ar ha-Golan_Pottery Neolithic A
9 	 Sha`ar ha-Golan_Pottery Neolithic A
9 	 Sha`ar ha-Golan_Pottery Neolithic A
9 	 Sha`ar ha-Golan_Pottery Neolithic A
9 	 Sha`ar ha-Golan_Pottery Neolithic A
9 	 Sha`ar ha-Golan_Pottery Neolithic A
9 	 Sha`ar ha-Golan_Pottery Neolithic A
9 	 Sha`ar ha-Golan_Pottery Neolithic A
9 	 Sha`ar ha-Golan_Pottery Neolithic A
9 	 Sha`ar ha-Golan_Pottery Neolithic A
9 	 Sha`ar ha-Golan_Pottery Neolithic A
9 	 Sha`ar ha-Golan_Pottery Neolithic A
9 	 Sha`ar ha-Golan_Pottery Neolithic A
9 	 Sha`ar ha-Golan_Pottery Neolithic A
9 	 Sha`ar ha-Golan_Pottery Neolithic A
9 	 Sha`ar ha-Golan_Pottery Neolithic A
9 	 Sha`ar ha-Golan_Pottery Neolithic A
9 	 Sha`ar ha-Golan_Pottery Neolithic A
9 	 Sha`ar ha-Golan_Pottery Neolithic A
9 	 Sha`ar ha-Golan_Pottery Neolithic A
9 	 Sha`ar ha-Golan_Pottery Neolithic A
90 	 Jerusalem_ Ketef Hinnom_Iron IIC-Babylonian
90 	 Jerusalem_ Ketef Hinnom_Iron IIC-Babylonian
90 	 Jerusalem_ Ketef Hinnom_Iron IIC-Babylonian
90 	 Jerusalem_ Ketef Hinnom_Iron IIC-Babylonian
90 	 Jerusalem_ Ketef Hinnom_Iron IIC-Babylonian
90 	 Jerusalem_ Ketef Hinnom_Iron IIC-Babylonian
90 	 Jerusalem_ Ketef Hinnom_Iron IIC-Babylonian
90 	 Jerusalem_ Ketef Hinnom_Iron IIC-Babylonian
91 	 Me`arat Amira_Upper Palaeolithic
91 	 Me`arat Amira_Upper Palaeolithic
91 	 Me`arat Amira_Upper Palaeolithic
91 	 Me`arat Amira_Upper Palaeolithic
91 	 Me`arat Amira_Upper Palaeolithic
91 	 Me`arat Amira_Upper Palaeolithic
91 	 Me`arat Amira_Upper Palaeolithic
92 	 Megiddo_ T._Middle Bronze II
92 	 Megiddo_ T._Middle Bronze II
92 	 Megiddo_ T._Middle Bronze II
92 	 Megiddo_ T._Middle Bronze II
92 	 Megiddo_ T._Middle Bronze II
92 	 Megiddo_ T._Middle Bronze II
93 	 Hamadya_Pottery Neolithic
93 	 Hamadya_Pottery Neolithic
93 	 Hamadya_Pottery Neolithic
93 	 Hamadya_Pottery Neolithic
93 	 Hamadya_Pottery Neolithic
93 	 Hamadya_Pottery Neolithic
94 	 Jerusalem_ Giv`at ha-Mivtar_Early Roman (period)
94 	 Jerusalem_ Giv`at ha-Mivtar_Early Roman (period)
94 	 Jerusalem_ Giv`at ha-Mivtar_Early Roman (period)
94 	 Jerusalem_ Giv`at ha-Mivtar_Early Roman (period)
94 	 Jerusalem_ Giv`at ha-Mivtar_Early Roman (period)
95 	 Me`arat Kebara_Upper Palaeolithic
95 	 Me`arat Kebara_Upper Palaeolithic
95 	 Me`arat Kebara_Upper Palaeolithic
95 	 Me`arat Kebara_Upper Palaeolithic
95 	 Me`arat Kebara_Upper Palaeolithic
95 	 Me`arat Kebara_Upper Palaeolithic
96 	 Me`arot Yonim_Natufian
96 	 Me`arot Yonim_Natufian
96 	 Me`arot Yonim_Natufian
96 	 Me`arot Yonim_Natufian
96 	 Me`arot Yonim_Natufian
96 	 Me`arot Yonim_Natufian
97 	 `Atlit_Crusader
97 	 `Atlit_Crusader
97 	 `Atlit_Crusader
97 	 `Atlit_Crusader
97 	 `Atlit_Crusader
97 	 `Atlit_Crusader
98 	 `Ujul_ T. el-_Late Bronze
98 	 `Ujul_ T. el-_Late Bronze
98 	 `Ujul_ T. el-_Late Bronze
98 	 `Ujul_ T. el-_Late Bronze
98 	 `Ujul_ T. el-_Late Bronze
98 	 `Ujul_ T. el-_Late Bronze
98 	 `Ujul_ T. el-_Late Bronze
99 	 Makr_ el-_Late Roman
99 	 Makr_ el-_Late Roman
99 	 Makr_ el-_Late Roman
99 	 Makr_ el-_Late Roman
99 	 Makr_ el-_Late Roman
99 	 Makr_ el-_Late Roman
99 	 Makr_ el-_Late Roman
99 	 Makr_ el-_Late Roman
