class_id,class_name,num_of_images,period order old,period order new,period order none -1
0,Maresha- T._Hellenistic,298,60,61,60
1,Lakhish- T._Iron II,263,50,51,50
2,Nahal Pattish (Gilat)_Late Chalcolithic,253,22,23,22
3,Jerusalem- City of David_Iron II,212,50,51,50
4,Nahal Hemar_Pre-Pottery Neolithic B,198,20,21,20
5,`Ujul- T. el-_Middle Bronze II-Late Bronze,188,36,37,36
6,Nahal Mishmar- Me`arat ha-Matmon_Late Chalcolithic,185,22,23,22
7,Me`arat Kebara_Natufian,185,9,10,9
8,Sha`ar ha-Golan_Pottery Neolithic A,183,13,14,13
9,Me`arat ha-Nahal_Upper Palaeolithic,163,3,4,3
10,Me`arat ha-Nahal_Natufian,142,9,10,9
11,Nahal Zin_Upper Palaeolithic,123,3,4,3
12,Horevot Mazada_Roman,122,75,76,75
13,Ha-Gosherim- Nili (north)_Pre-Ghassulian Chalcolithic,106,25,26,25
14,`Enot `Enan_Natufian,106,9,10,9
15,Horevot Mazada_Early Roman (period),104,70,71,70
16,Nahal Hever_Middle Roman,99,74,75,74
17,Me`arat Tannur_Lower Palaeolithic,98,none,0,-1
18,Jerusalem- City of David_Hellenistic,98,60,61,60
19,Maresha- T._Persian-Hellenistic,95,58,59,58
20,`Ujul- T. el-_Middle Bronze II,93,34,35,34
21,Ha-Gosherim- Nili (north)_Pottery Neolithic,89,11,12,11
22,Jericho- T._Early Bronze III,88,31,32,31
23,Megiddo- T._Iron IA,86,49,50,49
24,Yavne (north-west)_Iron II,86,50,51,50
25,Megiddo- T._Late Bronze II,85,43,44,43
26,Bet She'an- T._Late Bronze II,85,43,44,43
27,Besamon_Pre-Pottery Neolithic B,84,20,21,20
28,Jerusalem- Old City- Jewish Quarter- Area F- M_Early Roman (period),84,70,71,70
29,Gesher Benot Ya`aqov_Lower Palaeolithic,82,none,0,-1
30,`Ujul- T. el-_Late Bronze II,82,43,44,43
31,Ashqelon- T. Ashqelon_Iron IIC,81,54,55,54
32,Minha- H._Pre-Pottery Neolithic B,75,20,21,20
33,Haifa- T. Abu Hawwam_Late Bronze II,75,43,44,43
34,Megiddo- T._Iron I,75,48,49,48
35,Jericho- T._Middle Bronze II,74,34,35,34
36,Me`arat Tannur_Middle Palaeolithic,72,2,3,2
37,Jerusalem- Old City- Jewish Quarter- Area F- M_Late Hellenistic - Early Roman,71,65,66,65
38,Magharat Abu Shinja_Persian,70,57,58,57
39,Ashqelon- T. Ashqelon_Iron II,66,50,51,50
40,Akhziv_Iron II,66,50,51,50
41,`Akko- Persian Garden_Late Bronze II,62,43,44,43
42,`En Gedi_Byzantine,61,81,82,81
43,Gezer- T._Late Bronze,61,41,42,41
44,Jerusalem- `En Rogel_Roman,60,75,76,75
45,Bet She'an- T._Middle Bronze II,58,34,35,34
46,Jerusalem- Old City- Western and Southern Walls_Early Roman (period),58,70,71,70
47,`En Besor_Early Bronze IB,58,35,36,35
48,Hurfeish_Late Roman,57,72,73,72
49,Wadi Murabba`at- Cave 1_Roman,57,75,76,75
50,Samaria_Iron II,57,50,51,50
51,`Arad- T._Early Bronze II,54,30,31,30
52,Megiddo- T._Iron II,53,50,51,50
53,Mezad Hazeva_Iron II,53,50,51,50
54,Jerusalem- City of David_Persian,52,57,58,57
55,מעין ברוך_Lower Palaeolithic,52,none,0,-1
56,Mafjar- Kh. el-_Umayyad,51,82,83,82
57,Bet-Shemesh- T._Iron II,51,50,51,50
58,Nahariyya- Canaanite Temple_Middle Bronze II,51,34,35,34
59,Bet Mirsham- T._Iron II,51,50,51,50
60,Yiftah'el- H._Pre-Pottery Neolithic B,50,20,21,20
61,Bet She'an- T._Iron II,49,50,51,50
62,Lakhish- T._Late Bronze II,49,43,44,43
63,Bet Mirsham- T._Middle Bronze II,49,34,35,34
64,Besamon_Neolithic,48,10,11,10
65,Kfar Monash_Early Bronze IB,48,35,36,35
66,Ramat Rahel_Iron II,45,50,51,50
67,Magharat Shuqba_Natufian,45,9,10,9
68,Jerusalem- City of David_Early Roman (period),44,70,71,70
69,Bet She'an- T._Iron I,44,48,49,48
70,Jerusalem- Old City_Early Roman (period),44,70,71,70
71,Ramla- esh-Sheikh Rihan_Early Islamic,43,88,89,88
72,Jerusalem- Har ha-Zofim (east)_Early Roman (period),43,70,71,70
73,Zif- Kh._Middle Palaeolithic,43,2,3,2
74,Jerusalem- Rehov Salah ed-Din- Ministry of Justice_Late Roman,42,72,73,72
75,Jerusalem- `En Rogel_Early Roman (period),41,70,71,70
76,`Arad- T._Iron II,41,50,51,50
77,Me`arat Oren_Natufian,39,9,10,9
78,Nemal Akhziv_Iron II,38,50,51,50
79,Megiddo- T._Early Bronze I,38,27,28,27
80,`Atlit_Persian,37,57,58,57
81,Sha`ar ha-Golan_Pottery Neolithic,37,11,12,11
82,Besamon_Pottery Neolithic,36,11,12,11
83,Caesarea_Fatimid,36,92,93,92
84,Har Harif_Harifian,36,12,13,12
85,Nahariyya- Giv`at Katzenelson_Late Roman,36,72,73,72
86,Jerusalem- Ketef Hinnom_Iron IIC-Babylonian,35,55,56,55
87,Megiddo- T._Middle Bronze II,35,34,35,34
88,Hamadya_Pottery Neolithic,34,11,12,11
89,Magharat Umm Qatafa_Lower Palaeolithic,34,none,0,-1
90,Jerusalem- Giv`at ha-Mivtar_Early Roman (period),34,70,71,70
91,Makr- el-_Late Roman,33,72,73,72
92,Minha- H._Pottery Neolithic,33,11,12,11
93,`Atlit_Crusader,33,94,95,94
94,`Ujul- T. el-_Late Bronze,33,41,42,41
95,Tiberias and Hammat_Fatimid,33,92,93,92
96,Me`arot Yonim_Natufian,32,9,10,9
97,Nizzana_Byzantine,32,81,82,81
98,Dan- T._Late Bronze II,32,43,44,43
99,נחל עומר_Early Islamic,32,88,89,88
100,Caesarea_Early Islamic,31,88,89,88
101,Holot Qesari (south)_Late Roman - Byzantine,31,77,78,77
102,Bet-Shemesh- T._Late Bronze II,31,43,44,43
103,Mizpah_Early Bronze I,30,27,28,27
104,Ashkelon  1933_Iron IIC-Babylonian-Persian,30,56,57,56
105,Megiddo- T._Middle Bronze I,29,32,33,32
106,Mizpah_Iron II,29,50,51,50
107,Me`arat Kebara_Upper Palaeolithic,29,3,4,3
108,`Ovadya- T.- Prehistoric site_Lower Palaeolithic,28,none,0,-1
109,Caesarea_Byzantine,28,81,82,81
110,Jerusalem- Mount Scopus (west)_Early Roman (period),28,70,71,70
111,Jerusalem- Binyane ha-Umma_Roman,28,75,76,75
112,`En Gedi_Early Roman (period),28,70,71,70
113,Lidd- Kh._Late Roman,28,72,73,72
114,Zaf- T._Pre-Ghassulian Chalcolithic,28,25,26,25
115,BURNT HOUSE_Early Roman (period),27,70,71,70
116,Jerusalem- Old City- Jewish Quarter- Area F- M_Iron II,27,50,51,50
117,Nemal Akhziv_Iron IIB,27,53,54,53
118,Palmahim_Late Roman,27,72,73,72
119,Hammat_Fatimid,27,92,93,92
120,Bet-Shemesh- T._Iron I,27,48,49,48
121,Nahal Hever_Roman,26,75,76,75
122,'En Tamar_Roman,26,75,76,75
123,Jerusalem- Old City- Western and Southern Walls_Iron II,26,50,51,50
124,Jericho- T._Pre-Pottery Neolithic B,26,20,21,20
125,`Ai_Early Bronze I,26,27,28,27
126,Jerusalem- Old City_Late Hellenistic,26,64,65,64
127,Bir er-Ruqeish_Iron II,26,50,51,50
128,Be'er Sheva`- H. Zafad_Late Chalcolithic,25,22,23,22
129,Ha-Gosherim_Hellenistic,25,60,61,60
130,Nahal Mishmar- Cave of the Treasure_Late Chalcolithic,25,22,23,22
131,Me`arat ha-Gulgolet_Middle Palaeolithic,25,2,3,2
132,Jerusalem- `En Rogel_Late Roman,24,72,73,72
133,Yavne (north-west)_Iron IIA,24,51,52,51
134,Me`arat Amira_Upper Palaeolithic,24,3,4,3
135,Besamon_Pre-Pottery Neolithic,24,18,19,18
136,Moa_Roman,24,75,76,75
137,Sharuhen- T._Iron II,23,50,51,50
138,Mezad Rahel_Roman,23,75,76,75
139,Hazor- T._Late Bronze II,23,43,44,43
140,Kavul_Early Byzantine,23,80,81,80
141,Nemal Akhziv_Iron IIC,23,54,55,54
142,Bet She'an- T._Late Bronze,22,41,42,41
143,Qeiyafa- Kh._Iron IIA,22,51,52,51
144,Me`arat ha-Gulgolet_Lower Palaeolithic,22,none,0,-1
145,Me`arot Yonim_Upper Palaeolithic,21,3,4,3
146,`Atlit_Middle Bronze II,21,34,35,34
147,Sharuhen- T._Iron I,21,48,49,48
148,Afeq_Middle Bronze II,21,34,35,34
149,Qumran- Cave 4Q_Early Roman (period),21,70,71,70
150,Shiqmim (Unofficial name)_Late Chalcolithic,21,22,23,22
151,Hedera_Late Roman,21,72,73,72
152,Panias- H._Ottoman,20,99,100,99
153,Bet She'an_Mamluk,20,98,99,98
154,Anafa- T._Hellenistic,20,60,61,60
155,Jerusalem- Old City- Western and Southern Walls_Middle Roman - Late Roman,20,78,79,78
156,Jerusalem- Pisgat Ze'ev_Early Roman (period),20,70,71,70
157,Caesarea_Early Roman (period),20,70,71,70
158,Bet She'an- T._Hellenistic,20,60,61,60
159,Gush Halav_Byzantine,20,81,82,81
160,Hazor- T._Iron II,20,50,51,50
161,Bet She'an- T._Late Bronze I,20,42,43,42
162,Sheva`- T._Iron II,19,50,51,50
163,Rehov- T._Iron IIA,19,51,52,51
164,Ramla_Early Islamic,19,88,89,88
165,Gezer- T._Late Bronze II,19,43,44,43
166,Neve Ur_Middle Bronze II,19,34,35,34
167,Jericho- T._Pottery Neolithic A,19,13,14,13
168,`Ujul- T. el-_Late Bronze I,19,42,43,42
169,Be'er Sheva`- H. Matar_Late Chalcolithic,18,22,23,22
170,Samaria_Hellenistic,18,60,61,60
171,Asherat_Late Roman,18,72,73,72
172,`Ai_Early Bronze II-III,18,29,30,29
173,Bet She'an- T._Roman,18,75,76,75
174,Nahal Hever_Middle Roman (70-135 CE),18,73,74,73
175,Magharat Shuqba_Middle Palaeolithic,18,2,3,2
176,Barqai_Middle Bronze IIB,18,38,39,38
177,Zafit- T._Persian,18,57,58,57
178,Har Qedumim_Middle Palaeolithic,18,2,3,2
179,Bet Mirsham- T._Middle Bronze IIB,18,38,39,38
180,Bet She'an- T._Middle Bronze IIB,17,38,39,38
181,Mesad Boqeq_Byzantine,17,81,82,81
182,Megiddo- T._Late Bronze,17,41,42,41
183,Nahal Mishmar_Late Chalcolithic,17,22,23,22
184,`En Gedi_Roman,17,75,76,75
185,Ma`yan Barukh_Roman,17,75,76,75
186,Afeq_Late Bronze II,17,43,44,43
187,Zuq el-Fauqani ez-_Byzantine,17,81,82,81
188,Mezad Rahel_Early Roman (period),16,70,71,70
189,Lakhish- T._Persian,16,57,58,57
190,Bet-Shemesh- T._Middle Bronze II,16,34,35,34
191,Jisr- el-_Middle Bronze II,16,34,35,34
192,Caesarea_Crusader,16,94,95,94
193,Christmas Cave- Nahal Qidron_Roman,16,75,76,75
194,Megiddo- T._Middle Bronze II-Late Bronze,16,36,37,36
195,Nahal tut_Persian,16,57,58,57
196,`Alya- Kh._Roman,16,75,76,75
197,Avel Bet Ma`akha- T._Lower Palaeolithic,16,none,0,-1
198,Nahal Hever- Cave 2_Middle Roman,15,74,75,74
199,Neve Ur_Middle Bronze IIA,15,37,38,37
200,Ard es-Samrra_Pottery Neolithic,15,11,12,11
201,Arshaf- T._Crusader,15,94,95,94
202,`En Gedi_Middle Roman,15,74,75,74
203,Nizzana_Late Byzantine,15,86,87,86
204,`Akko (north)_Early Roman (period),14,70,71,70
205,Moa_Late Roman,14,72,73,72
206,Nahal Zin_Upper Paleolithic,14,none,#VALUE!,none
207,Ono_Byzantine,14,81,82,81
208,`Ujul- T. el-_Middle Bronze IIB,14,38,39,38
209,Zelef- H._Middle Bronze II,14,34,35,34
210,Palmahim_Late Roman - Byzantine,14,77,78,77
211,Haifa- T. Abu Hawwam_Iron I,14,48,49,48
212,Nahal 'Omer_Early Islamic,14,88,89,88
213,Jerusalem- Har ha-Zofim_Early Roman (period),14,70,71,70
214,Rosh ha-`Ayin_Ottoman,13,99,100,99
215,Haifa- T. Abu Hawwam_Persian,13,57,58,57
216,Nahal Hadera (north)_Late Roman,13,72,73,72
217,Samaria_Roman,13,75,76,75
218,Nahal Zin_Natufian,13,9,10,9
219,`Akko_Crusader,13,94,95,94
220,Ashqelon- Afridar and Barnea`_Pre-Pottery Neolithic C,13,21,22,21
221,Ha-Gosherim_Early Roman (period),13,70,71,70
222,Bet She'an- T._Early Roman (period),13,70,71,70
223,Ramla_Mamluk,13,98,99,98
224,Ashqelon- T. Ashqelon_Middle Roman - Late Roman,13,78,79,78
225,Nahal Ze`elim_Late Chalcolithic,13,22,23,22
226,Sha`ar Efrayim (south) [north]_Late Chalcolithic,12,22,23,22
227,Yoqne`am- T._Iron I,12,48,49,48
228,Neve Ur_Pre-Pottery Neolithic A,12,19,20,19
229,Qastra- H._Byzantine,12,81,82,81
230,Bet She'an- T._Byzantine,12,81,82,81
231,Afeq_Roman,12,75,76,75
232,Maresha- T._Late Hellenistic,12,64,65,64
233,Karkor `Illit- H._Byzantine,12,81,82,81
234,Har Mizpe Yammim_Persian,12,57,58,57
235,Ni`ana- Kh._Byzantine,12,81,82,81
236,Sharuhen- T._Persian,12,57,58,57
237,Sha`ar ha-Golan_Late Neolithic,12,8,9,8
238,Nahal Be'er Sheva`_Late Chalcolithic,12,22,23,22
239,Lidd- Kh._Late Roman - Byzantine,12,77,78,77
240,Ashqelon- T. Ashqelon_Early Roman (period),12,70,71,70
241,Qastra- H._Early Roman (period),11,70,71,70
242,Rasm Kharbush_Late Chalcolithic,11,22,23,22
243,`En Gedi_Late Hellenistic,11,64,65,64
244,Jerusalem- Rockefeller Museum_Late Roman,11,72,73,72
245,Gezer- T._Iron I,11,48,49,48
246,Minha- H._Pottery Neolithic A,11,13,14,13
247,Gamma- T._Persian,11,57,58,57
248,Nahal Mishmar_Roman,11,75,76,75
249,Qedesh- T._Middle Bronze I,11,32,33,32
250,Mishmarot_Roman,11,75,76,75
251,Zuq el-Fauqani ez-_Arab-Byzantine,11,84,85,84
252,Jerusalem- Ymca--Keren ha-Yesod Street_Late Roman,11,72,73,72
253,Bet Yerah- T._Early Bronze II,11,30,31,30
254,Besamon_Pottery Neolithic A,11,13,14,13
255,Zippor- T._Persian,11,57,58,57
256,Hatula_Pre-Pottery Neolithic A,11,19,20,19
257,`Ard el-Mihjar_Byzantine,11,81,82,81
258,Burga- T._Middle Bronze IIA,11,37,38,37
259,Me`arat Kebara_Middle Palaeolithic,11,2,3,2
260,Rasm- Kh. er-_Hellenistic,10,60,61,60
261,Bira- Kh. el-_Late Chalcolithic,10,22,23,22
262,Jerusalem- Rehov Salah ed-Din- Ministry of Justice_Middle Roman - Late Roman,10,78,79,78
263,Me`arat Kebara_Kebaran,10,7,8,7
264,Jerusalem- Giva`t Shapira_Early Roman (period),10,70,71,70
265,Bet Yerah- T._Early Bronze III,10,31,32,31
266,Gezer- T._Early Bronze I,10,27,28,27
267,Jerusalem- ha-`Ophel_Iron II,10,50,51,50
268,Me`arat Sefunim_Upper Palaeolithic,10,3,4,3
269,Jerusalem- Old City- Western and Southern Walls_Fatimid,10,92,93,92
270,Ashqelon- T. Ashqelon_Byzantine,10,81,82,81
271,Zariq- T. and `En Zariq_Pottery Neolithic B / Pre-Ghassulian Chc,10,16,17,16
272,  Ashkelon  region  סביבות  אשקלון_Persian (?),10,none,#VALUE!,none
273,Bet She`arim- H._Byzantine,10,81,82,81
274,Sera`- T._Late Bronze IIB-Iron I,9,46,47,46
275,Jerusalem- Nahalat Ahim_Byzantine,9,81,82,81
276,Jerusalem- Nahalat Ahim_Late Byzantine,9,86,87,86
277,Bet Mirsham- T._Late Bronze II,9,43,44,43
278,Bet She'an- T._Early Bronze III,9,31,32,31
279,Hefzi-Bah_Geometric Kebaran,9,6,7,6
280,Caesarea_Late Roman,9,72,73,72
281,Shubeika- Kh. esh-_Roman,9,75,76,75
282,`Ai_Early Bronze III,9,31,32,31
283,`Ar`ara_Roman,9,75,76,75
284,Hoga- H._Byzantine,9,81,82,81
285,Jerusalem- Old City- Jewish Quarter- Cardo_Early Islamic,9,88,89,88
286,Afeq_Iron I,9,48,49,48
287,Ni`ana- Kh._Late Roman - Early Byzantine,9,79,80,79
288,Ashdod Yam- H._Late Bronze II,9,43,44,43
289,`Ujul- T. el-_Middle Bronze IIB-C,9,39,40,39
290,Haifa- T. Abu Hawwam_Autonomous;(399BCE - 337BCE),9,none,#VALUE!,none
291,Qastra- H._Late Roman - Byzantine,9,77,78,77
292,Moza `Illit_Late Roman,9,72,73,72
293,Sharuhen- T._Late Bronze IIB-Iron I,9,46,47,46
294,Minha- H._Neolithic,9,10,11,10
295,Azor_Middle Bronze IIB,9,38,39,38
296,Qumran Caves_Early Roman (period),9,70,71,70
297,Hazor- T._Middle Bronze II,9,34,35,34
298,Zippori_Middle Roman - Late Roman,9,78,79,78
299,Rosh Zayit- H._Iron II,9,50,51,50
300,Haruzim (east)_Pre-Pottery Neolithic C,8,21,22,21
301,Ramot Menashe 1_Lower Palaeolithic,8,none,#VALUE!,none
302,Qastra- H._Roman,8,75,76,75
303,Christmas Cave- Nahal Qidron_Late Chalcolithic,8,22,23,22
304,Batash- T._Iron II,8,50,51,50
305,Bet She'an- T._Middle Bronze I,8,32,33,32
306,Qitmit- H._Iron II,8,50,51,50
307,Hanita_Late Roman,8,72,73,72
308,Jerusalem- Mizrah Talpiyyot_Early Roman (period),8,70,71,70
309,Ma`yan Barukh_Lower Palaeolithic,8,none,#VALUE!,none
310,Jersusalem- `Arab es-Sawahira_Byzantine,8,81,82,81
311,(+)Yehud- T. (1269/0)_Middle Bronze I,8,32,33,32
312,Bet She'an- T._Late Bronze IIB,8,45,46,45
313,Jerusalem- Old City- Jewish Quarter- Area F- M_Hellenistic,8,60,61,60
314,Wadi Murabba`at- Cave 1_Late Chalcolithic,8,22,23,22
315,Caesarea_Roman,8,75,76,75
316,Caesarea_Umayyad,8,82,83,82
317,Samaria_Iron IIC-Babylonian-Persian,8,56,57,56
318,Gamma- T._Iron II,8,50,51,50
319,Waziya- Kh. el-_Byzantine,8,81,82,81
320,Bet She'an- T._Late Roman,8,72,73,72
321,Ma`yan Barukh_Middle Bronze I,8,32,33,32
322,איזור כיסופים_Lower Palaeolithic,8,none,#VALUE!,none
323,Lakhish- T._Middle Bronze I,8,32,33,32
324,Turmus- T._Late Chalcolithic,8,22,23,22
325,Ni`ana- Kh._Mamluk,8,98,99,98
326,Besamon_Pottery Neolithic B,8,14,15,14
327,Ashkelon  1933_Persian-Hellenistic,8,58,59,58
328,Caesarea_Late Roman - Byzantine,8,77,78,77
329,Dor- T._Persian,8,57,58,57
330,Jarrar- Kh._Late Roman,8,72,73,72
331,Dan- T._Iron II,8,50,51,50
332,Cave of Horror_Middle Roman (70-135 CE),8,73,74,73
333,Minha- H._Late Neolithic,8,8,9,8
334,Jerusalem- Old City- Western and Southern Walls_Roman,8,75,76,75
335,Mishmar ha-`Emeq_Byzantine,7,81,82,81
336,Zur Natan_Middle Roman - Late Roman,7,78,79,78
337,Ha-Gosherim- Nili (north)_Neolithic,7,10,11,10
338,Bet-Shemesh- T._Late Bronze I,7,42,43,42
339,Ha-Gosherim_Pre-Ghassulian Chalcolithic,7,25,26,25
340,Mugharet    el    Ghul_Neolithic,7,10,11,10
341,Ni`ana- Kh._Late Roman - Byzantine,7,77,78,77
342,Jerusalem- Old City- Jewish Quarter- Area F- M_Hellenistic-Roman,7,62,63,62
343,`Eleq- H._Early Roman (period),7,70,71,70
344,Qarqar- H._Late Chalcolithic,7,22,23,22
345,Jericho- T._Early Bronze,7,26,27,26
346,Tel Aviv- esh-Sheikh Muwannis_Ottoman,7,99,100,99
347,Me`arat Amira_Middle Palaeolithic,7,2,3,2
348,Jerusalem- Old City_Late Hellenistic - Early Roman (152 BCE - 70 CE),7,66,67,66
349,`Alya- Kh._Late Roman,7,72,73,72
350,Qumran- Cave 2Q_Early Roman (period),7,70,71,70
351,"אשקלון-ליד    בה""ס    בכפר    ג'ורה        Askhlekon        area_Roman",7,75,76,75
352,Haifa- Tel `Amal and Neve Yosef_Iron II,7,50,51,50
353,Holon- Industrial Zone_Early Bronze I,7,27,28,27
354,Serah `Illit- H._Late Roman,7,72,73,72
355,Tiv`on_Roman,7,75,76,75
356,Megiddo- T._Late Bronze IIB-Iron I,7,46,47,46
357,Besamon_Early Bronze,7,26,27,26
358,Ashqelon- Migdal Ashqelon_Byzantine,7,81,82,81
359,Ha-Gosherim- Nili (north)_Chalcolithic,7,24,25,24
360,Bet She'an- T._Iron IIA,7,51,52,51
361,Azor_Late Chalcolithic,7,22,23,22
362,Jerusalem- Old City- Jewish Quarter- Cardo_Mamluk,7,98,99,98
363,Afeq_Middle Bronze II-Late Bronze,6,36,37,36
364,Mazoq Nahal Mitla_Middle Palaeolithic,6,2,3,2
365,עכו_Crusader,6,94,95,94
366,Jerusalem- The Jewish Quarter- St. Mary of the Knights_Crusader,6,94,95,94
367,Lidd- Kh._Byzantine,6,81,82,81
368,Jerusalem- Baq`a_Lower Palaeolithic,6,none,#VALUE!,none
369,Jerusalem- `En Rogel_Byzantine,6,81,82,81
370,Ha-Gosherim- Nili (north)_Early Bronze,6,26,27,26
371,`En `Aqev_Upper Palaeolithic,6,3,4,3
372,Jerusalem- Mizrah Talpiyyot_Roman,6,75,76,75
373,Bet Mirsham- T._Late Bronze,6,41,42,41
374,Ashqelon- T. Ashqelon_Late Roman,6,72,73,72
375,Jerusalem- Old City_Iron II,6,50,51,50
376,Nahariyya_Autonomous;(399BCE - 300BCE),6,none,#VALUE!,none
377,Bet Guvrin_Late Roman,6,72,73,72
378,Kinneret_Early Bronze II,6,30,31,30
379,רמות מנשה 1_Lower Palaeolithic,6,none,#VALUE!,none
380,Bet She'an_Umayyad,6,82,83,82
381,Mizpah_Early Bronze,6,26,27,26
382,Giv`at Yasaf_Late Roman,6,72,73,72
383,Yoqne`am- T._Middle Bronze II,6,34,35,34
384,Ashqelon- T. Ashqelon_Roman,6,75,76,75
385,Gan Soreq (north)_Autonomous;(400BCE - 331BCE),6,none,#VALUE!,none
386,Jerusalem- Mamilla_Byzantine,6,81,82,81
387,Tiv`on_Middle Roman,6,74,75,74
388,Turmus- T._Late Chalcolithic-Pre-Ghassulian Chalcolithic,6,none,#VALUE!,none
389,Dalia 1_Lower Palaeolithic,6,none,#VALUE!,none
390,Qitmit- H._Iron IIC,6,54,55,54
391,Kabri_Pottery Neolithic B / Pre-Ghassulian Chc,6,16,17,16
392,(+)Gan Soreq (north) (4398/0);Gan Soreq (south) (839/0);Gan Soreq (south) [west] (36119/0)_Antiochus IV;(175BCE - 164BCE),6,none,#VALUE!,none
393,Zur Natan_Byzantine,6,81,82,81
394,Shechem (Ancient Site)_Middle Bronze II,6,34,35,34
395,Hedera_Late Roman - Byzantine,6,77,78,77
396,Caesarea_Late Byzantine-Ummayad,6,87,88,87
397,Jerusalem- City of David_Hellenistic-Roman,6,62,63,62
398,Sharuhen- T._Late Bronze II,6,43,44,43
399,`Ein el-Hariri_Late Chalcolithic,6,22,23,22
400,Beth Zur_Iron II,6,50,51,50
401,`Akko- T._Persian,6,57,58,57
402,Mezad Sha`ar Ramon_Late Roman,6,72,73,72
403,Besamon_PPN,6,17,18,17
404,Ni`ana- Kh._Early Byzantine,6,80,81,80
405,Kokhav ha-Yarden_Crusader,6,94,95,94
406,`En Gedi - Goren- Tell_Iron II,6,50,51,50
407,Bet She'an- T._Early Bronze I,6,27,28,27
408,Jerusalem- Old City- Western and Southern Walls_Great Revolt;(69CE / 70CE),6,none,#VALUE!,none
409,Megiddo- T._Late Bronze I,6,42,43,42
410,Shubeika- Kh. esh-_Late Roman - Early Byzantine,6,79,80,79
411,Manawat- el-_Late Roman,6,72,73,72
412,Jerusalem- Nahalat Ahim_Late Bronze II,6,43,44,43
413,Haifa- Shiqmona_Middle Bronze II,6,34,35,34
414,בית גמליאל_Middle Bronze II,6,34,35,34
415,Cave of Horror_Roman,6,75,76,75
416,Me`arat Oren_Pre-Pottery Neolithic B,6,20,21,20
417,Yoqne`am- T._Iron II,5,50,51,50
418,Montfort_Crusader,5,94,95,94
419,קבר  אל  בסה  El  Basseh_Roman,5,75,76,75
420,Jerusalem- Ketef Hinnom_Early Roman (period),5,70,71,70
421,Jerusalem- Wa`ar Abu es-Safa_Early Roman (period),5,70,71,70
422,`Utsa- H._Hellenistic,5,60,61,60
423,Be'er Shema`- H._Late Byzantine,5,86,87,86
424,Jerusalem- Giv`at Shapira_Early Roman (period),5,70,71,70
425,`En Gedi_Late Hellenistic - Roman,5,67,68,67
426,Zippori_Roman,5,75,76,75
427,Timna`_Late Bronze,5,41,42,41
428,Gezer- T._Iron II,5,50,51,50
429,Gezer- T._Middle Bronze II,5,34,35,34
430,Trig. point 819-A (west)_Byzantine,5,81,82,81
431,American  Colony  Tombs-1940_Late Roman,5,72,73,72
432,Lakhish- T._Late Bronze,5,41,42,41
433,`Akko (north)_Roman,5,75,76,75
434,Haifa- T. Abu Hawwam_Iron II,5,50,51,50
435,Caesarea_Middle Roman - Late Roman,5,78,79,78
436,Jericho- T._Late Bronze I,5,42,43,42
437,Lod_Roman,5,75,76,75
438,Maresha- T._Persian,5,57,58,57
439,MAGHARAT UMM EZ-ZUWEITINA_Natufian,5,9,10,9
440,Gamma- T._Iron Age,5,47,48,47
441,Mamshit- H._Late Roman,5,72,73,72
442,Wadi Murabba`at- Cave 1_Early Roman (period),5,70,71,70
443,Berekhat Ram_Lower Palaeolithic,5,none,#VALUE!,none
444,`En ha-Shomer_Epi-Palaeolithic,5,4,5,4
445,Panias- H._Ayyubid,5,96,97,96
446,Nahariyya- Giv`at Katzenelson_Byzantine,5,81,82,81
447,Jericho- T._Late Chalcolithic,5,22,23,22
448,Ha-Gosherim- Nili (north)_Late Chalcolithic,5,22,23,22
449,Rekhesh- T._Iron I,5,48,49,48
450,Bet Natif- H._Roman,5,75,76,75
451,Jerusalem- Romema_Early Roman (period),5,70,71,70
452,Miqne- T._Late Bronze II,5,43,44,43
453,Sha`ar ha-Golan_Neolithic,5,10,11,10
454,Abu Ghosh_Pre-Pottery Neolithic B,5,20,21,20
455,Gezer- T._Early Bronze,5,26,27,26
456,Qastra- H._Late Roman,5,72,73,72
457,Iqrit_Late Roman - Early Byzantine,5,79,80,79
458,Jerusalem- Old City_Late Hellenistic-Early Roman (period),5,none,#VALUE!,none
459,Gamma- T._Persian (?),5,none,#VALUE!,none
460,Mishmar ha-`Emeq_Late Roman - Early Byzantine,5,79,80,79
461,Sharuhen- T._Iron I (?),5,none,#VALUE!,none
462,Mafjar- Kh. el-_Early Islamic,5,88,89,88
463,Ben Shemen_Middle Roman (70-135 CE),5,73,74,73
464,Makr- el-_Byzantine,5,81,82,81
465,`En Gedi_Late Hellenistic - Early Roman,5,65,66,65
466,`Aqav- H._Byzantine,5,81,82,81
467,`Utsa- H._Byzantine,5,81,82,81
468,`Ujul- T. el-_Middle Bronze I,5,32,33,32
469,Beit Fajjar_Late Roman - Byzantine,5,77,78,77
470,Jerusalem- Kh. el-Burj_Crusader,5,94,95,94
471,Jerusalem- City of David_Early Bronze I,5,27,28,27
472,Jericho- T._Pre-Pottery Neolithic A,5,19,20,19
473,`Arad- T._Persian,5,57,58,57
474,Kabri_Pottery Neolithic B / Pre-Ghassulian Chalcolithic,5,15,16,15
475,Jerusalem- Old City- Jewish Quarter- Area F- M_Late Hellenistic,5,64,65,64
476,Nahal Mishmar- Me`arat ha-Matmon_Roman,5,75,76,75
477,`Ira T._Iron II,5,50,51,50
478,Ashdod- T._Iron I,5,48,49,48
479,Barqai_Middle Bronze II,5,34,35,34
480,Maresha- T._Byzantine,4,81,82,81
481,Jerusalem- `Ein el-Haniya_Byzantine,4,81,82,81
482,Zippori_Byzantine,4,81,82,81
483,Bet Mirsham- T._Iron II (?),4,none,#VALUE!,none
484,Bet She`arim- H._Roman,4,75,76,75
485,Jerusalem- Giv`at Sha'ul_Agrippa II;(50CE - 100CE),4,none,#VALUE!,none
486,Mezad `Ateret_Demetrius II;(145BCE / 144BCE),4,none,#VALUE!,none
487,Me`arat Oren_Geometric Kebaran,4,6,7,6
488,`Ujul- T. el-_Late Bronze (?),4,none,#VALUE!,none
489,Qanat el-Ja`ar_Early Bronze IB,4,35,36,35
490,Gezer- T._Late Bronze (?),4,none,#VALUE!,none
491,Lakhish- T._Early Bronze II,4,30,31,30
492,`En Gedi_Late Byzantine,4,86,87,86
493,Burnat- Kh._Alexander Jannaeus;(104BCE - 80BCE / 79BCE),4,none,#VALUE!,none
494,Nahariyya- Giv`at Katzenelson_Roman,4,75,76,75
495,Qashish- T._Early Bronze III,4,31,32,31
496,Nahal Ze'elim_Late Chalcolithic,4,22,23,22
497,Tirat Karmel_Middle Palaeolithic,4,2,3,2
498,Ashqelon- T. Ashqelon_Fatimid,4,92,93,92
499,Za`quqa- Kh._Early Hellenistic,4,59,60,59
500,Minha- H._Pottery Neolithic B,4,14,15,14
501,El-Bineh  1932_Late Roman,4,72,73,72
502,Jerusalem- Old City- Jewish Quarter- Israelite and Hellenistic Towers_Umayyad,4,82,83,82
503,Meron_Nero;(54CE - 68CE),4,none,#VALUE!,none
504,טולול  רוסום  Tulul  er-Rusum_Byzantine,4,81,82,81
505,Khan- Kh. el-_Byzantine,4,81,82,81
506,Ashqelon- Industrial Area (north)_Byzantine,4,81,82,81
507,Kafar Bara_Late Roman - Early Byzantine,4,79,80,79
508,`Eleq- H._Late Byzantine,4,86,87,86
509,Jericho- T._Pottery Neolithic,4,11,12,11
510,אתלית  ים-  אתר  תת  ימי_Pottery Neolithic A,4,13,14,13
511,`En Gedi - Goren- T._Persian,4,57,58,57
512,Mahzevat `Evron_Lower Palaeolithic,4,none,#VALUE!,none
513,Mikhal- T._Autonomous;(500BCE - 400BCE),4,none,#VALUE!,none
514,Jatt_Late Bronze II,4,43,44,43
515,Gan Soreq (north)_Ptolemy II;(285BCE - 246BCE),4,none,#VALUE!,none
516,Ramat Rahel_Persian,4,57,58,57
517,Ha-Gosherim_Late Hellenistic,4,64,65,64
518,Ramat Rahel_Late Roman,4,72,73,72
519,Mishor Adumim- Khan el-Ahmar_Byzantine,4,81,82,81
520,סאווריף  -1932  Sawarif_Early Roman (period),4,70,71,70
521,Jerusalem- Ketef Hinnom_Persian,4,57,58,57
522,Mizpah_Iron I,4,48,49,48
523,Jerusalem- City of David_Middle Roman - Late Roman,4,78,79,78
524,Jericho- T._Pre-Pottery Neolithic,4,18,19,18
525,Maresha- T._Early Roman (period),4,70,71,70
526,Jericho- T._Iron II,4,50,51,50
527,(+)Qedesh- T. (3631/0);Qedesh- T. (north) (22853/0)_Cleopatra Thea (Seleucid)#%Antiochus VIII;(126BCE / 125BCE),4,none,#VALUE!,none
528,Tel Aviv- T. Qasila_Iron II,4,50,51,50
529,Haruzim (east)_Neolithic,4,10,11,10
530,Dor- T._Ptolemy II;(285BCE - 272BCE),4,none,#VALUE!,none
531,Me`arat ha-Gulgolet_Middle Palaeolithic (?),4,none,#VALUE!,none
532,Muzzav- H._Roman,4,75,76,75
533,Hishule Carmel- Underwater site_Neolithic,4,10,11,10
534,(+)Gan Soreq (north) (4398/0);Gan Soreq (south) (839/0);Gan Soreq (south) [west] (36119/0)_Antiochus III;(198BCE - 187BCE),4,none,#VALUE!,none
535,`En Gedi_Late Roman - Byzantine,4,77,78,77
536,BURNT HOUSE_Roman (?),4,none,#VALUE!,none
537,Jerusalem- `En Rogel_Late Roman - Byzantine,4,77,78,77
538,Tiberias and Hammat_Early Islamic,4,88,89,88
539,Mevorakh- T._Roman,4,75,76,75
540,Ha-Gosherim- Nili (north)_Pottery Neolithic B,4,14,15,14
541,Jerusalem- Old City- Jewish Quarter- Cardo_Ayyubid,4,96,97,96
542,`Azeqa- T._Iron II,4,50,51,50
543,Jerusalem- Old City_Byzantine,4,81,82,81
544,Dor- T._Ptolemy I;(305BCE / 304BCE - 283BCE / 282BCE),4,none,#VALUE!,none
545,Ashdod- T._Iron II,4,50,51,50
546,Mishmar ha-`Emeq_Roman-Byzantine,4,76,77,76
547,Zelef- H._Late Bronze II,4,43,44,43
548,Ashdod- T._Early Roman (period),4,70,71,70
549,Me`arat ha-Gulgolet_Lower Palaeolithic (?),4,none,#VALUE!,none
550,Shubeib- T._Late Roman,4,72,73,72
551,Trig. point 204-E_Byzantine,4,81,82,81
552,Caesarea_Late Roman - Early Byzantine,4,79,80,79
553,Ha-Gosherim- Nili (north)_Late Neolithic,4,8,9,8
554,Meron_Gordian III;(238CE - 244CE),4,none,#VALUE!,none
555,Kabri- el-_Late Roman,4,72,73,72
556,מערת  חג  המולד  בנחל  קדרון_Roman,4,75,76,75
557,Zomet Pardesiya_Byzantine,4,81,82,81
558,Gezer- T._Hellenistic,4,60,61,60
559,Burnat- Kh._Alexander Jannaeus;(80BCE / 79BCE),4,none,#VALUE!,none
560,Tiv`on_Early Roman (period),4,70,71,70
561,Jerusalem- Old City_Early Byzantine,4,80,81,80
562,נחל חבר- מערה ב'_Middle Roman (70-135 CE),4,73,74,73
563,כברי תחנת הטרנספורמטור_Late Roman,4,72,73,72
564,Dhahiriya- edh-_Iron II,4,50,51,50
565,Gan Soreq (north)_Ptolemy II;(275BCE / 274BCE - 246BCE),4,none,#VALUE!,none
566,Mikhal- T._Ptolemy I;(305BCE / 304BCE - 283BCE / 282BCE),4,none,#VALUE!,none
567,Cave of Horror_Early Roman - Middle Roman,4,71,72,71
568,Ma`yan Barukh (north-east)_Late Byzantine (?),4,none,#VALUE!,none
569,Jerusalem- City of David- Pool of Shiloah_Roman,4,75,76,75
570,Khirba- el-_Mattathias Antigonus;(40BCE - 37BCE),4,none,#VALUE!,none
571,Tel Aviv- Ha-Qirya_Hellenistic,3,60,61,60
572,Ashqelon- T. Ashqelon_Late Bronze IIB-Iron I,3,46,47,46
573,Ashqelon- T. Ashqelon_Late Bronze,3,41,42,41
574,Qiryat Ata_Byzantine,3,81,82,81
575,Binyamina_Roman,3,75,76,75
576,Qesari- H._Islamic,3,90,91,90
577,Bet She'an- T._Persian,3,57,58,57
578,Kabri- el-_Roman,3,75,76,75
579,Hedera_Late Roman - Early Byzantine,3,79,80,79
580,Shubeika- Kh. esh-_Late Byzantine-Ummayad,3,87,88,87
581,Tel Yosef_Middle Bronze II,3,34,35,34
582,Afeq_Late Bronze I,3,42,43,42
583,Mishmar ha-`Emeq_Late Roman,3,72,73,72
584,Kison- T._Iron II,3,50,51,50
585,Shubeika- Kh. esh-_Roman-Byzantine,3,76,77,76
586,`Ujul- T. el-_Late Bronze I (?),3,none,#VALUE!,none
587,Mishmar David_Hellenistic,3,60,61,60
588,Be'er Sheb'a- Old Beduin Market_Byzantine,3,81,82,81
589,Hermesh- H._Persian,3,57,58,57
590,(+)`Akko- Underwater Site (4401/0);`Akko (2266/0)_Crusader,3,94,95,94
591,Bene Beraq- Giv`at Sokolov_Late Chalcolithic,3,22,23,22
592,Hurfeish_Early Roman (period),3,70,71,70
593,Iqrit_Late Roman,3,72,73,72
594,Azor_Ottoman,3,99,100,99
595,Qallil- T._Middle Bronze II,3,34,35,34
596,Jerusalem- Manahat_Late Bronze II,3,43,44,43
597,טבריה_Byzantine,3,81,82,81
598,Acre_Crusader,3,94,95,94
599,Ashdod- T._Persian,3,57,58,57
600,Kissufim road_Late Chalcolithic,3,22,23,22
601,`En Gedi- Nahal David_Hellenistic,3,60,61,60
602,Qastra- H._Late Byzantine,3,86,87,86
603,Sasa_Iron I,3,48,49,48
604,Anafa- T._Early Roman (period),3,70,71,70
605,Nahal Hever_Early Roman (period),3,70,71,70
606,(+)Ashqelon- Marina (349/1);Ashqelon- Afridar and Barnea` (349/0);Ashqelon- Semadar Hotel (349/2)_Ottoman,3,99,100,99
607,Kefar ha-Horesh_Pre-Pottery Neolithic B,3,20,21,20
608,Kafr Kama_Byzantine,3,81,82,81
609,Jerusalem- Ymca--Keren ha-Yesod Street_Roman,3,75,76,75
610,Megiddo- T._Early Bronze I-II,3,28,29,28
611,Fassuta_Middle Bronze IIB,3,38,39,38
612,`Ai_Iron I,3,48,49,48
613,Qiryat Ata_Early Byzantine,3,80,81,80
614,Jerusalem- Rehov Alfasi_Late Hellenistic - Early Roman,3,65,66,65
615,Tel Aviv- T. Qasila_Iron IIA,3,51,52,51
616,Jerusalem- Old City- Jewish Quarter- Israelite and Hellenistic Towers_Mamluk,3,98,99,98
617,Besamon_Pre-Pottery Neolithic B (?),3,none,#VALUE!,none
618,קבר  אל  בסה  El  Basseh_Byzantine,3,81,82,81
619,Gezer- T._Middle Bronze IIB-C,3,39,40,39
620,`En Te'o_Pottery Neolithic,3,11,12,11
621,BURNT HOUSE_Early Roman - Middle Roman,3,71,72,71
622,Ashqelon- T. Ashqelon_Late Hellenistic - Early Roman,3,65,66,65
623,Sheva`- T._Persian,3,57,58,57
624,Hoga- H._Late Byzantine-Ummayad,3,87,88,87
625,Jerusalem- Old City_Early Islamic,3,88,89,88
626,Deir Sallam- Kh._Byzantine,3,81,82,81
627,Rehov- T._Middle Bronze II,3,34,35,34
628,Kefar Gil`adi_Pottery Neolithic A,3,13,14,13
629,Jerusalem- Ketef Hinnom_Hellenistic,3,60,61,60
630,`Evron_Byzantine,3,81,82,81
631,Tir`an_Middle Bronze II,3,34,35,34
632,Nahal Zalmon Estuary_Early Roman (period),3,70,71,70
633,Kabri_Iron IIC-Babylonian-Persian,3,56,57,56
634,רחובות_Late Roman,3,72,73,72
635,`En Gedi- Synagogue_Byzantine,3,81,82,81
636,`En Gedi_Roman-Byzantine,3,76,77,76
637,תנור_Chalcolithic,3,24,25,24
638,Bethsaida_Mamluk,3,98,99,98
639,Jerusalem- Mont Scopus (west)_Early Roman (period),3,70,71,70
640,Moza_Iron II,3,50,51,50
641,ג'ת_Iron II,3,50,51,50
642,Rehovot- Weizmann Institute_Fatimid,3,92,93,92
643,Haifa- T. Shiqmona_Middle Bronze II,3,34,35,34
644,Ashqelon- T. Ashqelon_Middle Bronze IIC,3,40,41,40
645,`En ha-Shomer_Neolithic,3,10,11,10
646,Kittan- T._Middle Bronze II,3,34,35,34
647,Sharuhen- T._Late Bronze IIB,3,45,46,45
648,Ashqelon- Migdal Ashqelon_Roman,3,75,76,75
649,Ma`yan Barukh_Middle Roman (70-135 CE),3,73,74,73
650,Moza `Illit_Middle Bronze II,3,34,35,34
651,Bet Mirsham- T._Early Bronze II,3,30,31,30
652,(+)Jerusalem- Monastery of the Cross (2788/0);Jerusalem- Sederot ha-Nasi Ben Zvi (2786/1);Jerusalem- Sederot ha-Nasi Ben Zvi (2786/0)_Early Roman (period),3,70,71,70
653,`Enot `Enan (south)_Middle Bronze I,3,32,33,32
654,Fardisya- Kh._Late Roman,3,72,73,72
655,BURNT HOUSE_Byzantine,3,81,82,81
656,Shen Ramon_Early Bronze IA,3,33,34,33
657,Nagila- T._Late Bronze I,3,42,43,42
658,Haifa- T. Abu Hawwam_Late Bronze,3,41,42,41
659,Mefalsim- T._Byzantine,3,81,82,81
660,Caesarea- Harbour_Crusader,3,94,95,94
661,מצודת לענה?_Iron II,3,50,51,50
662,Nizzana_Arab-Byzantine,3,84,85,84
663,Qazyon- H._Roman-Byzantine,3,76,77,76
664,Turmus- T._Chalcolithic,3,24,25,24
665,Jerusalem- City of David_Arab-Byzantine,3,84,85,84
666,(+)Menorim- H. (3676/0);Tiberias- Sitt Sukaina & Moslem cemet. (3679/11);Tiberias and Hammat (3679/0)_Fatimid,3,92,93,92
667,Jerusalem- Giv`at Shapira_Roman,3,75,76,75
668,Jerusalem- ha-`Ophel_Early Roman (period),3,70,71,70
669,Biq`at Quneitra_Middle Palaeolithic,3,2,3,2
670,Bet She'an_Late Bronze II,3,43,44,43
671,Giv`at Ayyala_Middle Bronze II,3,34,35,34
672,י-ם- עמק המצלבה_Roman,3,75,76,75
673,Yoqne`am- T._Hellenistic,3,60,61,60
674,Ashqelon- T. Ashqelon_Persian (?),3,none,#VALUE!,none
675,Nahal Hadera (north)_Early Roman (period),3,70,71,70
676,Ashqelon- T. Ashqelon_Persian,3,57,58,57
677,Bet She'an- T._Iron Age,3,47,48,47
678,Samaria_Early Roman (period),3,70,71,70
679,Caesarea_Fatimid-Ayyubid,3,93,94,93
680,`En ha-Shomer_Pre-Pottery Neolithic,3,18,19,18
681,Bet Mirsham- T._Iron I,3,48,49,48
682,Bet She`arim- H._Late Roman,3,72,73,72
683,Rosh Horsha_Natufian,3,9,10,9
684,`Akko Aqueduct_Byzantine,3,81,82,81
685,Hazor- T._Iron I,3,48,49,48
686,Afiq_Byzantine,3,81,82,81
687,Azor_Late Bronze IIB-Iron I,3,46,47,46
688,Ashqelon- Afridar and Barnea`_Iron I,3,48,49,48
689,Korazim_Late Roman,3,72,73,72
690,נבי- רובי- מערה_Middle Bronze II,3,34,35,34
691,Har Yeda`ya_Byzantine,3,81,82,81
692,`En Gev- T._Iron II,3,50,51,50
693,Akhziv (north)_Iron IIC,3,54,55,54
694,Panias- H._Roman,3,75,76,75
695,תל באיזור השפלה (אחד מן הארבעה של מקליסטר)?_Iron I,3,48,49,48
696,Kinrot- T._Iron II,3,50,51,50
697,Jerusalem- Old City- Jewish Quarter- Area F- M_Roman,3,75,76,75
698,Kinrot- T._Early Bronze II-III,3,29,30,29
699,Jericho- T._Early Bronze I,3,27,28,27
700,Zafit- T._Persian-Hellenistic,3,58,59,58
701,Turmus `Aiya_Roman,3,75,76,75
702,`Ein el-Fares_Late Chalcolithic,3,22,23,22
703,`En Besor_Late Chalcolithic,3,22,23,22
704,אזור  אשקלון  Ashkelon  area_Late Roman,3,72,73,72
705,Jerusalem- Giv`at ha-Mivtar_Late Hellenistic - Early Roman,3,65,66,65
706,Taiyiba- et-_Late Chalcolithic,3,22,23,22
707,Afeq_Early Bronze I,3,27,28,27
708,Bet-Shemesh- T._Late Bronze IIB-Iron I,3,46,47,46
709,`Ein ez-Zeituna_Early Roman - Middle Roman,3,71,72,71
710,Ras Abu Dahud (north)_Byzantine,3,81,82,81
711,אשקלון  Ashkelon_Roman,3,75,76,75
712,`Ujul- T. el-_Early Bronze I,3,27,28,27
713,Neve Ur_Pottery Neolithic,3,11,12,11
714,Tel Aviv- Rehov M. Bodenheimer_Pottery Neolithic,3,11,12,11
715,`Arad- T._Early Bronze I,3,27,28,27
716,`Ujul- T. el-_Middle Bronze II (?),3,none,#VALUE!,none
717,Zippor- T._Alexander the Great;(336BCE - 323BCE),3,none,#VALUE!,none
718,Qumran- Cave 7Q_Roman,3,75,76,75
719,Jerusalem- Old City- Jewish Quarter- Cardo_Byzantine,3,81,82,81
720,Caesarea_Mamluk,3,98,99,98
721,תל  ברק  Tell  Barak_Roman,3,75,76,75
722,Yin`am- T._Late Bronze II,3,43,44,43
723,משמר העמק- שומריה-קברים_Middle Roman,3,74,75,74
724,Bet She'an- T._Late Bronze IIB-Iron I,3,46,47,46
725,Bishop  Gobat  School-  Rock  cut  cistern_Early Roman (period),3,70,71,70
726,Zeror- T._Iron I,3,48,49,48
727,Batash- T._Iron IIC,3,54,55,54
728,Jerusalem- Old City- Western and Southern Walls Excavations_Early Roman (period),3,70,71,70
729,Ashqelon- T. Ashqelon_Middle Bronze IIB,3,38,39,38
730,Sha`ar Efrayim (south) [north]_Pottery Neolithic,3,11,12,11
731,Govit- H._Late Chalcolithic,3,22,23,22
732,Kokhav ha-Yarden_Islamic,2,90,91,90
733,Ashqelon- Afridar and Barnea` (east)_Alexander I Balas;(150BCE - 145BCE),2,none,#VALUE!,none
734,`Ujul- T. el-_Middle Bronze IIC,2,40,41,40
735,Bet She'an- T._Middle Bronze IIC,2,40,41,40
736,Bet-Shemesh- T._Iron IIA,2,51,52,51
737,Me`arot Yonim_Epi-Paleolithic-Natufian-Epi-Palaeolithic,2,none,#VALUE!,none
738,זבלי- ח' )שובל)?_Roman-Byzantine,2,76,77,76
739,Jerusalem- Old City- Western and Southern Walls_Byzantine,2,81,82,81
740,Jerusalem- Third Wall Area_Arab-Byzantine 1 (coin type);(645CE - 670CE),2,none,#VALUE!,none
741,Akhziv_Autonomous;(152CE / 153CE),2,none,#VALUE!,none
742,Zeror- T._Antiochus IV;(175BCE - 164BCE),2,none,#VALUE!,none
743,Darkemon- H._Roman,2,75,76,75
744,Lakhish- T._Early Bronze II-III,2,29,30,29
745,Meron_Vespasian;(69CE - 79CE),2,none,#VALUE!,none
746,Tiberias and Hammat_Agrippa II;(67CE / 68CE),2,none,#VALUE!,none
747,Meron_Herod Philip;(29CE / 30CE),2,none,#VALUE!,none
748,Ashkelon  1933_Iron IIC-Babylonian-Persian (?),2,none,#VALUE!,none
749,עברון_Lower Palaeolithic,2,none,#VALUE!,none
750,Mizpah_Early Bronze III,2,31,32,31
751,Meron_Constantius II;(335CE - 337CE),2,none,#VALUE!,none
752,Haifa- Nemal ha-Qishon_Late Bronze II,2,43,44,43
753,(+)Jerualem- Old City Wall (2921/108);Jerusalem- Old City (2921/0);Jerusalem- City of David (2922/0)_Demetrius I;(161BCE - 150BCE),2,none,#VALUE!,none
754,Akhziv- T_Persian,2,57,58,57
755,Lakhish- T._Late Bronze IIB-Iron I,2,46,47,46
756,Jerusalem- Old City_Late Byzantine,2,86,87,86
757,Nazor- H._Byzantine,2,81,82,81
758,נחל ישי_Late Chalcolithic,2,22,23,22
759,Meron_Valerian I;(253CE - 260CE),2,none,#VALUE!,none
760,Burnat- Kh._Alexander Jannaeus;(104BCE - 76BCE),2,none,#VALUE!,none
761,Ashqelon- T. Ashqelon_Iron IIC-Babylonian-Persian,2,56,57,56
762,Ashqelon- Afridar and Barnea` (east)_Autonomous;(360BCE - 300BCE),2,none,#VALUE!,none
763,Afeq_Middle Bronze IIB,2,38,39,38
764,בורין  1935  (כביש  טולכרם)  Burin_Early Islamic,2,88,89,88
765,(+)Jerusalem- Old City (2921/0);Jerusalem- Har Ziyyon (2867/0);Jerusalem- Hinnom Valley (2868/0)_Alexander Jannaeus;(104BCE - 80BCE / 79BCE),2,none,#VALUE!,none
766,Haifa- Tel-Hanan_Ptolemy II;(275BCE / 274BCE - 246BCE),2,none,#VALUE!,none
767,Gan Soreq (north)_Mazday;(343BCE - 333BCE),2,none,#VALUE!,none
768,Mezad Sha`ar Ramon_Roman,2,75,76,75
769,`Akko (north)_Autonomous;(110BCE - 64BCE),2,none,#VALUE!,none
770,קברים ליד מכמש_Persian,2,57,58,57
771,Abu Ghosh_Pre-Pottery Neolithic C,2,21,22,21
772,Jerusalem- Old City- Western and Southern Walls_Early Roman - Middle Roman,2,71,72,71
773,Meron_Constantius II;(346CE - 350CE),2,none,#VALUE!,none
774,Yif`at and Gevat (east)_Early Roman (period),2,70,71,70
775,Hamadya_Late Neolithic,2,8,9,8
776,Trig. point 112-S_Iron I,2,48,49,48
777,Zippori_Gallienus;(253CE - 268CE),2,none,#VALUE!,none
778,Tirat Karmel_Lower Palaeolithic,2,none,#VALUE!,none
779,עכו- בניין הדואר_Late Hellenistic,2,64,65,64
780,Bet Natif- H._Late Roman,2,72,73,72
781,`Akko- Underwater Site_Ptolemy VI;(164BCE / 163BCE),2,none,#VALUE!,none
782,Ashqelon- Migdal Ashqelon_Roman-Byzantine (?),2,none,#VALUE!,none
783,Sharuhen- T._Late Bronze,2,41,42,41
784,Ashqelon- Ni`ilya_Roman,2,75,76,75
785,`Arad- T._Early Bronze IB,2,35,36,35
786,Jerusalem- Third Wall Area_Heraclius;(611CE / 612CE),2,none,#VALUE!,none
787,`Akko_Autonomous;(140BCE - 200CE),2,none,#VALUE!,none
788,(+)Maresha- Underground System No. 51 (1300/25);La`ada- H. (1249/0);Maresha- T. (1300/0)_Antiochus III;(198BCE - 187BCE),2,none,#VALUE!,none
789,Manawat- el-_Roman-Byzantine,2,76,77,76
790,Nahal Gerar_Late Chalcolithic,2,22,23,22
791,Burnat- Kh (south-west)_Early Roman (period),2,70,71,70
792,Jerusalem- Meqor Hayyim_Nero;(63CE),2,none,#VALUE!,none
793,(+)Jerualem- Old City Wall (2921/108);Jerusalem- Old City (2921/0);Jerusalem- City of David (2922/0)_Antiochus III;(198BCE - 187BCE),2,none,#VALUE!,none
794,(+)Shoham (north) (15125/0);Trig. point 200-Z (south) (13259/0);Shoham (east) (25101/0)_Antiochus III;(198BCE - 187BCE),2,none,#VALUE!,none
795,Gan Soreq (north)_Autonomous;(410BCE - 331BCE),2,none,#VALUE!,none
796,Ashqelon- Afridar and Barnea` (east)_Antiochus IV;(175BCE - 164BCE),2,none,#VALUE!,none
797,Mikhal- T._Ptolemy II;(267BCE),2,none,#VALUE!,none
798,Haifa- T. Shiqmona_Persian,2,57,58,57
799,Maresha- T._Seleucus IV;(187BCE - 175BCE),2,none,#VALUE!,none
800,דקלה_Leo I;(457CE - 474CE),2,none,#VALUE!,none
801,Be'er Sheva`- H. Betar_Late Chalcolithic,2,22,23,22
802,Nahf_Maxentius;(309CE - 312CE),2,none,#VALUE!,none
803,Goded- T._Iron II,2,50,51,50
804,Matlul Zurim_Middle Bronze I,2,32,33,32
805,Jerusalem- Shikkunei Nuseiba_Archelaus;(4BCE - 6CE),2,none,#VALUE!,none
806,Ashqelon- Afridar and Barnea`_Iron IIC-Babylonian-Persian,2,56,57,56
807,Burnat- Kh._Alexander Jannaeus;(80BCE / 79BCE - 76BCE),2,none,#VALUE!,none
808,Kafr Kama_Late Roman,2,72,73,72
809,Caesarea_Valence (bishopric);(1101CE - 1200CE),2,none,#VALUE!,none
810,Rosh `En Mor_Middle Palaeolithic,2,2,3,2
811,Nahf_Galerius Maximianus;(305CE - 311CE),2,none,#VALUE!,none
812,(+)`Akko- T. (2328/0);`Akko (2266/0)_Ptolemy IV (?);(221BCE / 220BCE - 204BCE / 203BCE),2,none,#VALUE!,none
813,Yafo_Antiochus VII;(138BCE - 129BCE),2,none,#VALUE!,none
814,Rimmon- H._Theodosius II;(408CE - 450CE),2,none,#VALUE!,none
815,Gamla_Antipas ( );(29CE / 30CE),2,none,#VALUE!,none
816,Burnat- Kh._Judah Aristobulus I;(104BCE - 103BCE),2,none,#VALUE!,none
817,Megiddo- T._Persian,2,57,58,57
818,Jerusalem- Ramot C+D_Late Hellenistic,2,64,65,64
819,Gan Soreq (north)_Autonomous;(399BCE - 300BCE),2,none,#VALUE!,none
820,Karm er-Ras_Agrippa II;(85CE / 86CE),2,none,#VALUE!,none
821,Bet-Shemesh- T._Late Chalcolithic,2,22,23,22
822,Caesarea_Baldwin III;(1143CE - 1163CE),2,none,#VALUE!,none
823,Nevoraya- H._Severus Alexander;(222CE - 235CE),2,none,#VALUE!,none
824,`En Dmumit_Byzantine,2,81,82,81
825,Zippori_Late Roman,2,72,73,72
826,Horevot Mazada_Great Revolt;(67CE / 68CE),2,none,#VALUE!,none
827,Rafah- Kh._Trajan Decius;(249CE - 250CE),2,none,#VALUE!,none
828,Hani- H._Antiochus VII;(133BCE / 132BCE),2,none,#VALUE!,none
829,Ziqim_Heraclius;(613CE - 618CE),2,none,#VALUE!,none
830,Iqrit_Caracalla;(198CE - 217CE),2,none,#VALUE!,none
831,Jerusalem- Old City- Western and Southern Walls_Archelaus;(4BCE - 6CE),2,none,#VALUE!,none
832,Zaf- T._Chalcolithic,2,24,25,24
833,Jerusalem- Old City- Western and Southern Walls_Trajan Decius;(249CE - 251CE),2,none,#VALUE!,none
834,Haifa- Shiqmona- Underwater site_Antoninus Pius;(188CE),2,none,#VALUE!,none
835,Jerusalem- Old City- Citadel_Antiochus VII;(131BCE / 130BCE),2,none,#VALUE!,none
836,Sasa_Valerian I;(253CE - 260CE),2,none,#VALUE!,none
837,Rimmon- H._Justinian I;(527CE - 565CE),2,none,#VALUE!,none
838,Gezer- T._Ptolemy VI;(159BCE / 158BCE - 155BCE / 154BCE),2,none,#VALUE!,none
839,Jerusalem- Meqor Hayyim_Galba;(68CE - 69CE),2,none,#VALUE!,none
840,Gush Halav_Domitian (81-96);(81CE - 96CE),2,none,#VALUE!,none
841,`Idham- T. el-_Middle Bronze IIA,2,37,38,37
842,Bet Guvrin_Herod;(37BCE - 4BCE),2,none,#VALUE!,none
843,Mikhal- T._Baalshalim II;(401BCE - 366BCE),2,none,#VALUE!,none
844,Ha-Gosherim_Middle Roman,2,74,75,74
845,Cave 27- En-Gedi_Roman,2,75,76,75
846,(+)Gan Soreq (north) (4398/0);Gan Soreq (south) (839/0);Gan Soreq (south) [west] (36119/0)_Seleucus IV;(187BCE - 175BCE),2,none,#VALUE!,none
847,על גדות ואדי אפתח_Middle Roman,2,74,75,74
848,`Eqed_Antiochus VII;(138BCE - 129BCE),2,none,#VALUE!,none
849,Karm er-Ras_Herod;(37BCE - 4BCE),2,none,#VALUE!,none
850,Umm el-Qanatir_Byzantine,2,81,82,81
851,Korazim_Constantine I;(324CE / 325CE),2,none,#VALUE!,none
852,Megiddo- T._Iron IIA,2,51,52,51
853,Jerusalem- Qiryat ha-Yovel_Antiochus VII;(132BCE / 131BCE - 131BCE / 130BCE),2,none,#VALUE!,none
854,Bet She'an- Shikkun Waw_Constantine I;(307CE),2,none,#VALUE!,none
855,Sha`ar ha-`Amaqim_Seleucus III;(224BCE - 222BCE),2,none,#VALUE!,none
856,Akhziv_Geta;(198CE - 205CE),2,none,#VALUE!,none
857,Rehov- T._Iron II,2,50,51,50
858,`En Gedi_Mamluk,2,98,99,98
859,Kison- T._Seleucus IV;(187BCE - 175BCE),2,none,#VALUE!,none
860,Lod_Elagabalus;(218CE - 222CE),2,none,#VALUE!,none
861,Gan Soreq (north)_Ptolemy VIII;(146BCE / 145BCE - 116BCE),2,none,#VALUE!,none
862,Be'er Sheva`_Constantine I;(324CE - 330CE),2,none,#VALUE!,none
863,Parve- H._Carus;(282CE - 283CE),2,none,#VALUE!,none
864,Burnat- Kh._Herod;(37BCE - 4BCE),2,none,#VALUE!,none
865,Iqrit_Septimius Severus;(193CE - 211CE),2,none,#VALUE!,none
866,Mafjar- Kh. el-_Late Byzantine-Ummayad,2,87,88,87
867,Fakhura-(Sheep pens)_Elagabalus;(218CE - 222CE),2,none,#VALUE!,none
868,Burnat- Kh._Ptolemy II;(285BCE - 246BCE),2,none,#VALUE!,none
869,Jerusalem- Derekh Shkhem-pinat Rehov Zalah ed-Din_Late Roman,2,72,73,72
870,Bethsaida_Antiochus IV;(175BCE - 164BCE),2,none,#VALUE!,none
871,Nahariyya_Autonomous;(350BCE - 332BCE),2,none,#VALUE!,none
872,(+)Gan Soreq (north) (4398/0);Gan Soreq (south) (839/0);Gan Soreq (south) [west] (36119/0)_Antiochus I;(281BCE - 261BCE),2,none,#VALUE!,none
873,Bet She`arim- H._Late Roman - Early Byzantine,2,79,80,79
874,Shema`- H._Elagabalus;(218CE - 222CE),2,none,#VALUE!,none
875,Bethsaida_Elagabalus;(218CE - 222CE),2,none,#VALUE!,none
876,Kefar Nahum_Julian II;(360CE - 363CE),2,none,#VALUE!,none
877,`Akko_Florentine (Rulers);(1252CE - 1533CE),2,none,#VALUE!,none
878,`En Gedi - Goren- Tell_Agrippa I;(41CE / 42CE),2,none,#VALUE!,none
879,Brit Ahim_Roman,2,75,76,75
880,Majami`- el-_Late Chalcolithic,2,22,23,22
881,Nahariyya- Giv`at Katzenelson_Poppaea;(65CE - 65CE),2,none,#VALUE!,none
882,(+)Jerusalem- Binyane ha-Umma (5444/0);Jerusalem- Binyane ha-Umma (2789/0);Jerusalem- Binyene ha-Umma (south) (27212/0)_Great Revolt;(68CE / 69CE),2,none,#VALUE!,none
883,Jerualem- Old City Wall_Judah Aristobulus I;(104BCE - 104BCE),2,none,#VALUE!,none
884,Jericho- T._Late Bronze,2,41,42,41
885,Karm er-Ras_Agrippa II;(74CE / 75CE - 83CE / 84CE),2,none,#VALUE!,none
886,Bet Guvrin_Byzantine,2,81,82,81
887,Sharuhen- T._Middle Bronze II,2,34,35,34
888,Horevot Mazada_Late Hellenistic - Early Roman,2,65,66,65
889,Tiberias and Hammat- Thermae_Crusader,2,94,95,94
890,Antioch??? סוריה_Hellenistic,2,60,61,60
891,Samaria_Late Roman,2,72,73,72
892,Jerusalem- Hinnom Valley- lower_Roman,2,75,76,75
893,Burqa_Byzantine,2,81,82,81
894,מערות צבר- מפת עין גדי- חפירות 1972- פסח בר אדון_Middle Roman,2,74,75,74
895,Arshaf- T._Crusader-Ayyubid,2,none,#VALUE!,none
896,Kison- T._Ptolemy I;(305BCE / 304BCE - 283BCE / 282BCE),2,none,#VALUE!,none
897,Akhziv_Autonomous;(136CE / 137CE),2,none,#VALUE!,none
898,Jerusalem- Derekh Shkhem-pinat Rehov Zalah ed-Din_Roman-Byzantine,2,76,77,76
899,Ashqelon- el-Jura_Early Roman (period),2,70,71,70
900,Kison- T._Autonomous;(332BCE - 275BCE),2,none,#VALUE!,none
901,Tiberias and Hammat_Umayyad (post reform);(700CE - 715CE),2,none,#VALUE!,none
902,Gan Soreq (north)_Autonomous;(372BCE - 333BCE / 332BCE),2,none,#VALUE!,none
903,Bet She'an- T._Middle Bronze II-Late Bronze,2,36,37,36
904,`Alya- Kh._Hadrian;(117CE - 138CE),2,none,#VALUE!,none
905,Gezer- T._Late Bronze IIB-Iron I,2,46,47,46
906,ואדי אל בירה. אזור הר תבור_Late Bronze II,2,43,44,43
907,Gush Halav_Crusader (?),2,none,#VALUE!,none
908,Tel Aviv- T. el-Hashshash_Ptolemy II;(285BCE - 246BCE),2,none,#VALUE!,none
909,Me`arat ha-Nahal_Middle Palaeolithic,2,2,3,2
910,Kokhav ha-Yarden_Ayyubid-Mamluk,2,97,98,97
911,Zippori_Alexander Jannaeus;(104BCE - 76BCE),2,none,#VALUE!,none
912,Bet She'an- T._Early Bronze II,2,30,31,30
913,Ashqelon- Afridar and Barnea` (east)_Ptolemy II;(275BCE / 274BCE - 246BCE),2,none,#VALUE!,none
914,חולות אשדוד_Late Byzantine,2,86,87,86
915,Shema`- H._Frederick II;(1249CE / 1249CE),2,none,#VALUE!,none
916,Me`arat Hillazon Tahtit_Natufian,2,9,10,9
917,Horevot Mazada_Great Revolt;(69CE / 70CE),2,none,#VALUE!,none
918,Zippori_Hellenistic,2,60,61,60
919,Megiddo- T._Iron IIC-Babylonian-Persian,2,56,57,56
920,Mishmar ha-`Emeq_Demetrius II;(141BCE),2,none,#VALUE!,none
921,Giv`at Yasaf_Persian,2,57,58,57
922,Or `Aqiva_Late Roman,2,72,73,72
923,Hadat- H._Demetrius II;(127BCE / 126BCE),2,none,#VALUE!,none
924,אשקלון_Middle Bronze II,2,34,35,34
925,Ramla- Highway No. 1_Early Islamic,2,88,89,88
926,(+) (1579/0);Kefar Sava- Trig. point 11-R (1578/0); (25070/0)_Late Byzantine-Ummayad,2,87,88,87
927,`Akko_Late Roman,2,72,73,72
928,Bethsaida_Demetrius II;(145BCE / 144BCE),2,none,#VALUE!,none
929,Mikhal- T._Autonomous;(401BCE - 358BCE),2,none,#VALUE!,none
930,Nahal David- Me`arat ha-Berekha_Late Chalcolithic,2,22,23,22
931,Jerusalem- Giv`at Sha'ul_Antiochus IX;(112BCE / 110BCE),2,none,#VALUE!,none
932,Bet She'an_Antiochus IX;(114BCE / 113BCE - 111BCE),2,none,#VALUE!,none
933,Hemda- H._Bar Kokhba;(134CE - 135CE),2,none,#VALUE!,none
934,Megiddo- T._Early Bronze,2,26,27,26
935,Shechem (Ancient Site)_Roman,2,75,76,75
936,דקלה_Marcian;(450CE - 457CE),2,none,#VALUE!,none
937,Bethel_Late Bronze I,2,42,43,42
938,Jerusalem- Broad Wall_Early Roman (period),2,70,71,70
939,Rimmon- H._Valentinian I;(364CE - 375CE),2,none,#VALUE!,none
940,Jerusalem- Old City- Jewish Quarter- Area F- M_Nabatean,2,61,62,61
941,Nahariyya_Ptolemy I;(305BCE / 304BCE - 283BCE / 282BCE),2,none,#VALUE!,none
942,Mikhal- T._Autonomous;(299BCE - 200BCE),2,none,#VALUE!,none
943,Tiberias and Hammat- Thermae_Byzantine,2,81,82,81
944,Lakhish- T._Middle Bronze II,2,34,35,34
945,Bet She'an- T._Early Byzantine,2,80,81,80
946,Jerusalem- Old City- Jewish Quarter- Cardo_Roman-Byzantine,2,76,77,76
947,Hizma_Early Roman (period),2,70,71,70
948,Bethsaida_Caracalla;(206CE / 207CE),2,none,#VALUE!,none
949,Yafo_Antiochus VIII;(122BCE / 121BCE),2,none,#VALUE!,none
950,Samaria_Ptolemy III;(246BCE - 221BCE / 220BCE),2,none,#VALUE!,none
951,ממזרח  לבית  שאן  -  Beth  She'an  Area_Byzantine,2,81,82,81
952,(+)Gan Soreq (north) (4398/0);Gan Soreq (south) (839/0);Gan Soreq (south) [west] (36119/0)_Seleucus III;(224BCE - 222BCE),2,none,#VALUE!,none
953,Qedesh- T._Demetrius II;(144BCE / 143BCE),2,none,#VALUE!,none
954,(+)Maresha- Underground System No. 61 (1300/3);Hemda- H. (1299/0);Maresha- T. (1300/0)_Ptolemy II;(285BCE - 246BCE),2,none,#VALUE!,none
955,Korazim_Constantine II;(321CE - 321CE),2,none,#VALUE!,none
956,Gamla_Autonomous ( );(53BCE / 52BCE),2,none,#VALUE!,none
957,Ashqelon- T. Ashqelon_Late Roman - Byzantine,2,77,78,77
958,Meron_Autonomous;(100CE - 200CE),2,none,#VALUE!,none
959,Trig. point 568-N (north-west)_Agrippa I;(41CE / 42CE),2,none,#VALUE!,none
960,'Asida- Kh._Byzantine,2,81,82,81
961,Ha-Gosherim- Nili (north)_Pottery Neolithic B / Pre-Ghassulian Chalcolithic,2,15,16,15
962,Caesarea_Umayyad (post reform);(697CE - 750CE),2,none,#VALUE!,none
963,Baqa el-Gharbiya (south)_Byzantine,2,81,82,81
964,`Isfiya_Byzantine,2,81,82,81
965,Burnat- Kh._Antiochus IV;(175BCE - 164BCE),2,none,#VALUE!,none
966,Jerusalem- Giv`at Sha'ul_Autonomous;(550BCE - 520BCE),2,none,#VALUE!,none
967,Bet She'an- T._Iron IIA-Iron I,2,none,#VALUE!,none
968,`En Nashut- H._Byzantine,2,81,82,81
969,Ben Shemen_Early Roman (period),2,70,71,70
970,עכו_Late Hellenistic,2,64,65,64
971,Bet She'an- T._Early Bronze,2,26,27,26
972,Jerusalem- Nabi `Akasha (north)_Hellenistic,2,60,61,60
973,Bet She'an_Ayyubid-Mamluk,2,97,98,97
974,(+)Maresha- Underground System No. 61 (1300/3);Hemda- H. (1299/0);Maresha- T. (1300/0)_Antiochus III;(222BCE - 187BCE),2,none,#VALUE!,none
975,שמיר_Pottery Neolithic,2,11,12,11
976,Qeren Naftali_Herod Philip;(30CE / 31CE),2,none,#VALUE!,none
977,Jerusalem- Old City- Jewish Quarter- Cardo_Ayyubid-Mamluk,2,97,98,97
978,Burnat- Kh._Agrippa I;(41CE / 42CE),2,none,#VALUE!,none
979,Bustan- H._Byzantine,2,81,82,81
980,Musha`an_Late Chalcolithic,2,22,23,22
981,Qasrin_Vespasian;(69CE - 79CE),2,none,#VALUE!,none
982,Yafo_Ayyubid-Mamluk,2,97,98,97
983,Gelilot_Iron IIC-Babylonian-Persian,2,56,57,56
984,Samaria_Hellenistic (?),2,none,#VALUE!,none
985,Iqrit_Elagabalus;(219CE - 222CE),2,none,#VALUE!,none
986,Rasm- Kh. er-_Late Hellenistic,2,64,65,64
987,Bet She'an- T._Late Bronze I (?),2,none,#VALUE!,none
988,Dalhamiya_Pottery Neolithic,2,11,12,11
989,Gan Soreq (south)_Antiochus IV;(175BCE - 164BCE),2,none,#VALUE!,none
990,Panias- H._Agrippa II;(74CE / 75CE),2,none,#VALUE!,none
991,Sharuhen- T._Early Bronze I,2,27,28,27
992,Jerusalem- Rockefeller Museum_Byzantine,2,81,82,81
993,Haruzim (east)_Pre-Pottery Neolithic,2,18,19,18
994,Jerusalem- Rockefeller Museum_Roman,2,75,76,75
995,Moza_Persian,2,57,58,57
996,Be'er Shema`- H._Early Islamic,2,88,89,88
997,Bet She'an- T._Late Chalcolithic,2,22,23,22
998,Zippori_Constantine II;(324CE - 325CE),2,none,#VALUE!,none
999,Ashqelon- Abu Qutuf_Alexander the Great;(336BCE - 323BCE),2,none,#VALUE!,none
1000,Panias- H._Herod Philip;(8CE / 9CE),2,none,#VALUE!,none
1001,Rosh ha-`Ayin_Iron II,2,50,51,50
1002,Zippori_Constantine I;(330CE - 337CE),2,none,#VALUE!,none
1003,Afeq- T._Seleucus IV;(187BCE - 175BCE),2,none,#VALUE!,none
1004,עזה  Gaza  Area_Late Roman,2,72,73,72
1005,Akhziv_Persian,2,57,58,57
1006,Ramla- Mahzevot Nesher (north)_Ptolemy II;(285BCE - 246BCE),2,none,#VALUE!,none
1007,`Alya- Kh._Plautilla;(202CE - 205CE),2,none,#VALUE!,none
1008,Bethsaida_Antiochus III;(198BCE - 187BCE),2,none,#VALUE!,none
1009,(+)Jerusalem- Binyane ha-Umma (5444/0);Jerusalem- Binyane ha-Umma (2789/0);Jerusalem- Binyene ha-Umma (south) (27212/0)_Antiochus IV;(173BCE / 172BCE - 168BCE),2,none,#VALUE!,none
1010,Nazerat_Roman (?),2,none,#VALUE!,none
1011,Iqrit_Julia Maesa;(218CE - 222CE),2,none,#VALUE!,none
1012,Gov- H._Byzantine,2,81,82,81
1013,Sha`ar ha-`Amaqim_Antiochus III;(202BCE - 187BCE),2,none,#VALUE!,none
1014,Qashish- T._Early Bronze II-III,2,29,30,29
1015,Zippori_Elagabalus;(218CE - 222CE),2,none,#VALUE!,none
1016,ואדי מורבעאת_Early Roman (period),2,70,71,70
1017,Kefar Ruppin_Late Bronze II,2,43,44,43
1018,Jerusalem- Shikkunei Nuseiba_Agrippa II;(73CE / 74CE),2,none,#VALUE!,none
1019,Qumran- Cave 2Q_Roman,2,75,76,75
1020,רמת רחל_Byzantine,2,81,82,81
1021,יריחו  -  Nestorian  Hermitage  Jericho_Early Islamic,2,88,89,88
1022,Qazyon- H._Roman,2,75,76,75
1023,Ben Shemen_Alexander Jannaeus;(104BCE - 76BCE),2,none,#VALUE!,none
1024,Korazim_Late Roman 1 (coin);(330CE - 337CE),2,none,#VALUE!,none
1025,`Akko_Mamluk,2,98,99,98
1026,קבר  אל  בסה  El  Basseh_Late Roman - Byzantine,2,77,78,77
1027,Jerusalem- Third Wall Area_Byzantine,2,81,82,81
1028,Bet Se'an T.- Iztabba (north)_Ptolemy XI;(112BCE / 111BCE),2,none,#VALUE!,none
1029,Zippor- T._Alexander the Great;(333BCE / 332BCE),2,none,#VALUE!,none
1030,Holon- Industry Zone_Lower Palaeolithic,2,none,#VALUE!,none
1031,Shoham_Byzantine,2,81,82,81
1032,Jerusalem- City of David_Autonomous;(475BCE - 440BCE),2,none,#VALUE!,none
1033,Qedesh- T._Ptolemy II;(285BCE - 246BCE),2,none,#VALUE!,none
1034,יבנה- קבר מס' 4_Late Bronze II,2,43,44,43
1035,Ma`on- H._Byzantine,2,81,82,81
1036,Tel Aviv- Ramat Aviv_Ottoman,2,99,100,99
1037,Gush Halav_Demetrius II;(128BCE / 127BCE),2,none,#VALUE!,none
1038,Bethsaida_Ptolemy III;(246BCE - 221BCE / 220BCE),2,none,#VALUE!,none
1039,Tinshemet- H._Early Islamic-Umayyad-Abbasid,2,none,#VALUE!,none
1040,Yotvata_Aretas IV;(31CE / 32CE),2,none,#VALUE!,none
1041,Meron_Hadrian;(117CE - 138CE),2,none,#VALUE!,none
1042,Bet She'an_Byzantine,2,81,82,81
1043,`Aro`er- T._Iron IIC,2,54,55,54
1044,Beth Zur_Ptolemy II;(285BCE - 246BCE),2,none,#VALUE!,none
1045,Mikhal- T._Ptolemy II;(248BCE),2,none,#VALUE!,none
1046,Dalton_Autonomous;(449BCE - 411BCE),2,none,#VALUE!,none
1047,Jerusalem- Old City- Jewish Quarter- Cardo_Ottoman,2,99,100,99
1048,CAESAREA- HARBOUR_Crusader,2,94,95,94
1049,Mikhal- T._Ptolemy II;(256BCE),2,none,#VALUE!,none
1050,Hadat- H._Demetrius I;(162BCE - 150BCE),2,none,#VALUE!,none
1051,Yafo_Autonomous;(399BCE - 336BCE),2,none,#VALUE!,none
1052,Shalem- T._Crusader,2,94,95,94
1053,Acre  Museum  collection_Roman,2,75,76,75
1054,חיזמה(?)_Early Roman (period),2,70,71,70
1055,Bethsaida_Antiochus VII;(135BCE / 134BCE),2,none,#VALUE!,none
1056,Kh.Raghwan  -Jerusalem  area_Byzantine,2,81,82,81
1057,Maresha- T._Iron II,2,50,51,50
1058,Ishwa`_Bar Kokhba;(134CE - 135CE),2,none,#VALUE!,none
1059,Me`arat ha-Gulgolet_Upper Palaeolithic,2,3,4,3
1060,Mor- T_Late Bronze II,2,43,44,43
1061,Jerusalem- Old City- Western and Southern Walls_Great Revolt;(68CE / 69CE),2,none,#VALUE!,none
1062,Yin`am- T._Iron IIA,2,51,52,51
1063,Yoqne`am- T._Late Bronze IIB-Iron I,2,46,47,46
1064,(+)Gan Soreq (north) (4398/0);Gan Soreq (south) (839/0);Gan Soreq (south) [west] (36119/0)_Autonomous;(453BCE - 411BCE),2,none,#VALUE!,none
1065,Burnat- Kh._John Hyrcanus I;(130BCE - 104BCE),2,none,#VALUE!,none
1066,Yoqne`am- T._Late Bronze,2,41,42,41
1067,`En Gedi - Goren- Tell_Ptolemy II;(285BCE - 246BCE),2,none,#VALUE!,none
1068,Jerusalem- Binyane ha-Umma_Herod;(37BCE - 4BCE),2,none,#VALUE!,none
1069,Ma`alot-Tarshiha_Byzantine,2,81,82,81
1070,Jerusalem- Old City- Western and Southern Walls_Augustus;(9CE / 10CE),2,none,#VALUE!,none
1071,Lakhish- T._Late Bronze I,2,42,43,42
1072,Acre  Museum  Collection_Late Roman,2,72,73,72
1073,Jerusalem- Har Hozvim_John of Ibelin;(1200CE - 1236CE),2,none,#VALUE!,none
1074,Wadi Murabba`at- Cave 1_Epi-Palaeolithic,2,4,5,4
1075,Meron_Hadrian;(119CE - 120CE),2,none,#VALUE!,none
1076,Bata- H._Heraclius;(639CE - 641CE),2,none,#VALUE!,none
1077,איזור היספין 647_Late Chalcolithic,2,22,23,22
1078,Ashdod Yam- H._Iron I,2,48,49,48
1079,Jerusalem- City of David_Alexander I Balas;(152BCE - 145BCE),2,none,#VALUE!,none
1080,Lod- Maqam esh-Sheikh `Abd er-Rahman_Autonomous;(64CE / 65CE - 68CE / 69CE),2,none,#VALUE!,none
1081,Sha`ar Efrayim (south) [north]_Early Bronze IB,2,35,36,35
1082,Batash- T._Iron IIB,2,53,54,53
1083,Mafjar- Kh. el-_Islamic,2,90,91,90
1084,`Azeqa- T._Iron I,2,48,49,48
1085,בית שאן- בה'כ השומרוני_Byzantine,2,81,82,81
1086,Ramat Yishay_Antiochus III;(222BCE - 187BCE),2,none,#VALUE!,none
1087,Jerusalem- Giv`at Sha'ul_Agrippa I;(41CE / 42CE),2,none,#VALUE!,none
1088,Gat- T._Early Roman (period),2,70,71,70
1089,Shema`- H._Agrippa II;(83CE / 84CE),2,none,#VALUE!,none
1090,Me`arat `Amud_Middle Palaeolithic,2,2,3,2
1091,Gamma- T._Late Bronze (?),2,none,#VALUE!,none
1092,Khirba- el-_Late Hellenistic-Hasmonean-Early Nabatea,2,68,69,68
1093,Mikhal- T._Alexander the Great;(317BCE - 311BCE),2,none,#VALUE!,none
1094,Jerusalem- Mamilla_Late Byzantine,2,86,87,86
1095,Mezad `Ateret_Alexander I Balas;(147BCE / 146BCE),2,none,#VALUE!,none
1096,Eshtemo`a_Early Byzantine,2,80,81,80
1097,Ha-Gosherim_Late Hellenistic - Early Roman,2,65,66,65
1098,Gezer- T._Persian,2,57,58,57
1099,Mikhal- T._Persian,2,57,58,57
1100,ירושלים-  בית  יתומים  הסורי  Syrian  Orphanage-Jerusalem_Late Roman,2,72,73,72
1101,Ashqelon- Afridar and Barnea` (east)_Late Roman,2,72,73,72
1102,Nemal Akhziv_Iron Age,2,47,48,47
1103,Iqrit_Elagabalus;(218CE - 222CE),2,none,#VALUE!,none
1104,Maresha- T._Antiochus VII;(138BCE - 129BCE),2,none,#VALUE!,none
1105,Nahariyya_Ptolemy II;(246BCE - 241BCE),2,none,#VALUE!,none
1106,Dalton_Autonomous;(399BCE - 333BCE),2,none,#VALUE!,none
1107,Jerusalem- Giv`at Sha'ul_Antiochus VIII (?);(125BCE - 96BCE),2,none,#VALUE!,none
1108,Burnat- Kh._Demetrius II;(145BCE - 125BCE),2,none,#VALUE!,none
1109,Jerusalem- City of David_Byzantine,2,81,82,81
1110,Rimmon- H._Jovian;(363CE - 364CE),2,none,#VALUE!,none
1111,Yoqne`am- T._Iron IIA,2,51,52,51
1112,Mikhal- T._Alexander the Great;(323BCE - 315BCE),2,none,#VALUE!,none
1113,Jerusalem- `Emeq Refaim_Lower Palaeolithic,2,none,#VALUE!,none
1114,Jerusalem- City of David- Pool of Shiloah_Archelaus;(4BCE - 6CE),2,none,#VALUE!,none
1115,Burnat- Kh._Demetrius II;(129BCE / 128BCE),2,none,#VALUE!,none
1116,Bethsaida_Agrippa II;(84CE / 85CE),2,none,#VALUE!,none
1117,Qumran- Cave 9Q_Early Roman (period),2,70,71,70
1118,Bet Mirsham- T._Middle Bronze II-Late Bronze,2,36,37,36
1119,Ramla- Mahzevot Nesher (north)_Antiochus III;(198BCE - 187BCE),2,none,#VALUE!,none
1120,Gan Soreq (north)_Autonomous;(410BCE - 333BCE),2,none,#VALUE!,none
1121,Na`aran_Byzantine,2,81,82,81
1122,Tel Aviv- T. Qasila_Iron I,2,48,49,48
1123,Makr- el-_Roman,2,75,76,75
1124,I Yonim_Persian,1,57,58,57
1125,Jerusalem- Old City- Western and Southern Walls_Early Hellenistic,1,59,60,59
1126,Jerusalem- City of David_Late Roman - Early Byzantine,1,79,80,79
1127,Jerusalem- `En Rogel_Late Byzantine,1,86,87,86
1128,מערה    ט'הרייה    Dhaheriah    Cave_Hellenistic,1,60,61,60
1129,Jerusalem- Har ha-Zofim_Late Hellenistic - Early Roman,1,65,66,65
1130,Shoham_Umayyad-Abbasid,1,83,84,83
1131,Me`arat Amira_Upper Palaeolithic (?),1,none,#VALUE!,none
1132,Abu  Tor  cleared  in  1932_Early Roman (period),1,70,71,70
1133,Mizpah_Iron I (?),1,none,#VALUE!,none
1134,"12  ק""מ  מערבית    ל-Khalasa_Neolithic (?)",1,none,#VALUE!,none
1135,Afeq_Middle Bronze II (?),1,none,#VALUE!,none
1136,שכם  -  Nablus_Roman,1,75,76,75
1137,Tel Aviv- T. Qasila_Byzantine,1,81,82,81
1138,Hoga- H._Late Byzantine-Ummayad (?),1,none,#VALUE!,none
1139,Mafjar- Kh. el-_Byzantine,1,81,82,81
1140,Tirya- H._Late Roman,1,72,73,72
1141,Nazor- H._Late Byzantine,1,86,87,86
1142,Hasi- T._Ottoman,1,99,100,99
1143,Kryat Ata- Shekhunat Moler_Early Bronze II,1,30,31,30
1144,Shechem (Town)_Roman,1,75,76,75
1145,`Erani- T._Early Bronze I,1,27,28,27
1146,Nahariyya- Giv`at Katzenelson_Middle Roman,1,74,75,74
1147,תעלת  עכו  -  Moat  of  Acre_Hellenistic,1,60,61,60
1148,Istabul- Kh._Byzantine,1,81,82,81
1149,Rama- er-_Late Roman,1,72,73,72
1150,Nahal `Arugot_Late Chalcolithic,1,22,23,22
1151,Mizpah_Iron IIC,1,54,55,54
1152,Shuni_Late Roman,1,72,73,72
1153,Jerusalem- Har ha-Zofim (east)_Byzantine,1,81,82,81
1154,Miqne- T._Late Bronze,1,41,42,41
1155,Turmus- T._Pre-Ghassulian Chalcolithic,1,25,26,25
1156,Jerusalem- Old City- Western and Southern Walls_Middle Roman,1,74,75,74
1157,BURNT HOUSE_Roman,1,75,76,75
1158,Jerusalem- Shmuel ha-Navi_Early Roman (period),1,70,71,70
1159,Jerusalem- Old City- Jewish Quarter- Area F- M_Late Hellenistic - Early Roman (?),1,none,#VALUE!,none
1160,Zippori_Early Byzantine,1,80,81,80
1161,Bet-Shemesh- T._Crusader (?),1,none,#VALUE!,none
1162,Bet Guvrin_Roman,1,75,76,75
1163,Haifa- T. Shiqmona_Byzantine,1,81,82,81
1164,Korazim_Byzantine,1,81,82,81
1165,Tel Aviv- T. Qasila_Iron IIA-Iron I,1,none,#VALUE!,none
1166,Shalem- T._Middle Roman,1,74,75,74
1167,Sha`ar ha-`Amaqim_Antiochus III;(198BCE - 187BCE),1,none,#VALUE!,none
1168,Jerusalem- Ketef Hinnom_Late Roman,1,72,73,72
1169,Jerusalem- Old City_Late Roman - Byzantine,1,77,78,77
1170,Hasi- T._Persian,1,57,58,57
1171,עכו-בית  קברות  Sheikh  'Izz  ed-Din_Roman,1,75,76,75
1172,Jerusalem- Hinnom Valley_Byzantine,1,81,82,81
1173,Mishmar ha-`Emeq_Late Roman - Byzantine,1,77,78,77
1174,Jerusalem- Derekh Shkhem-pinat Rehov Zalah ed-Din_Byzantine,1,81,82,81
1175,Akhziv (north)_Iron II,1,50,51,50
1176,איזור  אשקלון  אתרים  שונים  Ashkelon  Area_Byzantine,1,81,82,81
1177,Bet Yerah- T._Early Bronze III (?),1,none,#VALUE!,none
1178,ירושלים-  סילואן_Early Roman (period),1,70,71,70
1179,Hauran  Area  -Jordan ירדן_Late Roman,1,72,73,72
1180,Shefar`am_Byzantine,1,81,82,81
1181,Nahal Ze`elim_Roman,1,75,76,75
1182,Moza_Iron IIC,1,54,55,54
1183,Jerusalem- Ymca--Keren ha-Yesod Street_Byzantine,1,81,82,81
1184,Lakhish- T._Early Bronze III,1,31,32,31
1185,Yafia`_Byzantine,1,81,82,81
1186,Nahal Hever. Cave 2_Middle Roman,1,74,75,74
1187,Turmus- T._Pre-Pottery Neolithic,1,18,19,18
1188,אשקלון  Ashkelon_Byzantine,1,81,82,81
1189,נהריה_Middle Roman,1,74,75,74
1190,`Ar`ara (south-west)_Iron I,1,48,49,48
1191,Sokho- Horevot_Roman,1,75,76,75
1192,`Atlit_Iron II,1,50,51,50
1193,Gerisa- T._Late Bronze II,1,43,44,43
1194,Huldah Area. 4231-4831_Byzantine,1,81,82,81
1195,Jerusalem- Qiryat Moriah_Iron II,1,50,51,50
1196,Bet-Shemesh- T._Late Bronze,1,41,42,41
1197,Gaza Harbour_Early Byzantine,1,80,81,80
1198,Nahal Barqos_Late Neolithic,1,8,9,8
1199,`Utsa- H._Late Roman - Early Byzantine,1,79,80,79
1200,Mafjar- Kh. el-_Roman,1,75,76,75
1201,Kafr Kanna (east)_Early Roman (period),1,70,71,70
1202,Sea  of  Galilee-  North  of  Tiberias_Late Chalcolithic,1,22,23,22
1203,Ashkelon  1933_Persian,1,57,58,57
1204,Brit Ahim_Hellenistic,1,60,61,60
1205,Jerusalem- Har Ziyyon_Ottoman (?),1,none,#VALUE!,none
1206,`Alya- Kh._Early Roman (period),1,70,71,70
1207,קבר בבית סחור_Iron I,1,48,49,48
1208,ג'פנא  (ליד  רמאללה)  Jifna_Roman,1,75,76,75
1209,Acre  Museum  collection_Late Roman,1,72,73,72
1210,`Azeqa- T._Late Bronze II,1,43,44,43
1211,Qumran- Cave 11Q_Early Roman (period),1,70,71,70
1212,Shechem (Town)_Early Roman (period),1,70,71,70
1213,`Ujul- T. el-_Mamluk,1,98,99,98
1214,Tirya- H._Early Roman (period),1,70,71,70
1215,Caesarea- Synagogue_Byzantine,1,81,82,81
1216,Jericho- T._Early Bronze II,1,30,31,30
1217,Nahal Arbel_Roman,1,75,76,75
1218,Ha-Gosherim_Late Roman - Early Byzantine,1,79,80,79
1219,מאמאס- ליד אמת המים של קיסריה Mamas next to Caesarea Aqueduct_Roman,1,75,76,75
1220,לא ידוע- ירושלים_Roman,1,75,76,75
1221,Minha- H._Pre-Pottery Neolithic,1,18,19,18
1222,Shave Ziyyon_Byzantine,1,81,82,81
1223,Beit Nuba_Byzantine,1,81,82,81
1224,`Asafna- Kh._Roman,1,75,76,75
1225,Shelomi (Soush)_Late Roman - Early Byzantine,1,79,80,79
1226,Sha`ar ha-Golan_Pre-Pottery Neolithic A,1,19,20,19
1227,`Atlit_Hellenistic,1,60,61,60
1228,Nahal Mishmar- Me`arat ha-Matmon_Middle Roman,1,74,75,74
1229,Kfar Monash_Early Bronze I,1,27,28,27
1230,חירבת  ערה  Ara  Horvat_Byzantine,1,81,82,81
1231,`En Nevel_Kebaran,1,7,8,7
1232,Jerusalem- Old City- St. Stephan's Gate_Byzantine,1,81,82,81
1233,Tiberias and Hammat_Crusader,1,94,95,94
1234,Kfar Monash_Early Bronze,1,26,27,26
1235,Bet She`arim- H._Late Roman - Byzantine,1,77,78,77
1236,Korazim_Late Roman - Byzantine,1,77,78,77
1237,Sawafir esh-Sharqiya- es-_Byzantine,1,81,82,81
1238,Karkor `Illit- H._Arab-Byzantine,1,84,85,84
1239,Qiryat Ata_Late Roman,1,72,73,72
1240,Lod_Late Byzantine,1,86,87,86
1241,`Eton- T._Iron I,1,48,49,48
1242,`Erani- T._Iron II,1,50,51,50
1243,Shubeika- Kh. esh-_Byzantine,1,81,82,81
1244,איזור  חברון  Dura  Hebron  District_Roman,1,75,76,75
1245,Jerusalem north- Sanhedriyya- Cave 12_Early Roman (period),1,70,71,70
1246,Evlayim_Roman,1,75,76,75
1247,`Ujul- T. el-_Byzantine,1,81,82,81
1248,Jerusalem- Ya`ar Ha-Shalom_Early Roman (period),1,70,71,70
1249,Mizpah_Early Bronze I-II,1,28,29,28
1250,Jerusalem- Old City- Jewish Quarter- Area F- M_Late Hellenistic-Early Roman (period),1,none,#VALUE!,none
1251,Ramat Rahel_Byzantine,1,81,82,81
1252,כפר מונש_Early Bronze IB,1,35,36,35
1253,Mamshit- H._Byzantine,1,81,82,81
1254,ירושלים-  הכביש  ליד  גת  שמנים  Road  near  Gethsemane_Byzantine,1,81,82,81
1255,Jerusalem- Old City- Western and Southern Walls_Late Roman,1,72,73,72
1256,Beth Zur_Iron IIC-Babylonian-Persian,1,56,57,56
1257,Samakh  T.  -  Haifa  Region_Roman,1,75,76,75
1258,טבריה  TIBERIAS_Late Roman,1,72,73,72
1259,Sha`ar Efrayim (south) [north]_Pre-Pottery Neolithic,1,18,19,18
1260,Bet She'an_Late Roman,1,72,73,72
1261,Ha-Zorea`- T. Qira_Neolithic,1,10,11,10
1262,`Illin- H._Early Islamic,1,88,89,88
1263,Gush Halav_Arab-Byzantine,1,84,85,84
1264,Qannir- Kh._Late Roman,1,72,73,72
1265,מורדות  הר  עיבל  Slopes  of  Mt.Ebal_Roman,1,75,76,75
1266,Ashqelon- Afridar and Barnea` (east)_Middle Hellenistic,1,63,64,63
1267,Jerusalem- Old City_Persian-Hellenistic,1,58,59,58
1268,Ashqelon- Afridar and Barnea`_Late Hellenistic - Early Roman (152 BCE - 70 CE),1,66,67,66
1269,El-Bineh  1932_Roman-Byzantine,1,76,77,76
1270,`Ein Yabrud_Late Roman,1,72,73,72
1271,Baqa el-Gharbiya (south)_Early Roman (period),1,70,71,70
1272,Merot- H._Byzantine,1,81,82,81
1273,Nahal Yarmut_Late Hellenistic,1,64,65,64
1274,Shubeika- Kh. esh-_Late Roman - Byzantine,1,77,78,77
1275,Herzeliyya Bet_Late Roman,1,72,73,72
1276,Jerusalem- Rockefeller Museum_Early Roman (period),1,70,71,70
1277,Qumran- Cave Q1_Roman,1,75,76,75
1278,Haluza_Byzantine,1,81,82,81
1279,Jerusalem- `En Rogel_Middle Roman - Late Roman,1,78,79,78
1280,Mizpah_Iron Age (?),1,none,#VALUE!,none
1281,Megiddo- T._Iron Age,1,47,48,47
1282,Tiberias and Hammat_Mamluk,1,98,99,98
1283,Ashqelon- Afridar and Barnea`_Hellenistic,1,60,61,60
1284,Jerusalem- Old City_Early Islamic-Late Byzantine,1,none,#VALUE!,none
1285,Jerusalem- Old City- St. Stephan's Gate_Early Roman (period),1,70,71,70
1286,Lakhish- T._Late Bronze IIB,1,45,46,45
1287,Qumran Caves_Roman,1,75,76,75
1288,Jerusalem- Old City- Western and Southern Walls_Late Byzantine,1,86,87,86
1289,קבר  אל  בסה  El  Basseh_Late Roman,1,72,73,72
1290,Jerusalem- `En Kerem_Roman,1,75,76,75
1291,Bet She'an- T._Iron II (?),1,none,#VALUE!,none
1292,Jerusalem- City of David_Late Roman - Byzantine (?),1,none,#VALUE!,none
1293,Bet-Shemesh- T._Late Bronze IIA,1,44,45,44
1294,ליד  חדיתה  -קבר  מצוייר  Haditha  Painted  Tomb_Roman,1,75,76,75
1295,El  Basseh  Tomb_Roman,1,75,76,75
1296,גזר_Late Hellenistic,1,64,65,64
1297,Ghadariyya_Byzantine,1,81,82,81
1298,Haifa- T. Abu Hawwam_Early Roman (period),1,70,71,70
1299,Bet Neqofa_Middle Roman - Late Roman,1,78,79,78
1300,נהריה_Roman,1,75,76,75
1301,`En Gedi - Goren- T._Iron IIC-Babylonian-Persian,1,56,57,56
1302,`En Gedi - Goren- Tell_Iron IIC,1,54,55,54
1303,Mazor_Roman,1,75,76,75
1304,Gamma- T._Iron Age (?),1,none,#VALUE!,none
1305,טבריה- קבר רומי בעיר_Roman,1,75,76,75
1306,Jerusalem North- Mahanayim- Cave 22_Early Roman (period),1,70,71,70
1307,Baqa el-Gharbiya (south)_Late Roman - Early Byzantine,1,79,80,79
1308,Jerusalem- Old City_Late Roman - Early Byzantine,1,79,80,79
1309,Zuq el-Fauqani ez-_Byzantine (?),1,none,#VALUE!,none
1310,Samaria_Persian-Hellenistic,1,58,59,58
1311,BURNT HOUSE_Early Roman (period) (?),1,none,#VALUE!,none
1312,ואדי מרבעאת_Roman,1,75,76,75
1313,Zuq el-Fauqani ez-_Roman-Byzantine,1,76,77,76
