current_id,old id,artifact in class,images in class,Current class name
0,787,165,298,"Maresha, T._Hellenistic"
1,807,126,264,Me`arat ha-Nahal_Upper Palaeolithic
2,741,131,263,"Lakhish, T._Iron II"
3,917,144,258,Nahal Pattish (Gilat)_Late Chalcolithic
4,581,120,212,"Jerusalem, City of David_Iron II"
5,904,114,202,Nahal Hemar_Pre-Pottery Neolithic B
6,152,122,188,"`Ujul, T. el-_Middle Bronze II-Late Bronze"
7,812,90,187,Me`arat Kebara_Natufian
8,914,141,185,"Nahal Mishmar, Me`arat ha-Matmon_Late Chalcolithic"
9,1052,91,185,Sha`ar ha-Golan_Pottery Neolithic A
10,925,69,155,Nahal Zin_Upper Palaeolithic
11,806,70,151,Me`arat ha-Nahal_Natufian
12,530,108,129,Horevot Mazada_Roman
13,818,59,121,Me`arat Tannur_Lower Palaeolithic
14,129,53,106,`Enot `Enan_Natufian
15,473,44,106,"Ha-Gosherim, Nili (north)_Pre-Ghassulian Chalcolithic"
16,527,83,105,Horevot Mazada_Early Roman (period)
17,906,51,99,Nahal Hever_Middle Roman
18,579,62,98,"Jerusalem, City of David_Hellenistic"
19,470,41,97,"Ha-Gosherim, Nili (north)_Pottery Neolithic"
20,792,84,95,"Maresha, T._Persian-Hellenistic"
21,150,53,93,"`Ujul, T. el-_Middle Bronze II"
22,21,46,92, Unknown_none
23,274,39,88,Besamon_Pre-Pottery Neolithic B
24,545,38,88,"Jericho, T._Early Bronze III"
25,318,39,86,"Bet She'an, T._Late Bronze II"
26,819,44,86,Me`arat Tannur_Middle Palaeolithic
27,829,40,86,"Megiddo, T._Iron IA"
28,1139,75,86,Yavne (north-west)_Iron II
29,835,45,85,"Megiddo, T._Late Bronze II"
30,432,39,84,Gesher Benot Ya`aqov_Lower Palaeolithic
31,641,51,84,"Jerusalem, Old City, Jewish Quarter, Area F, M_Early Roman (period)"
32,147,39,82,"`Ujul, T. el-_Late Bronze II"
33,226,44,81,"Ashqelon, T. Ashqelon_Iron IIC"
34,483,34,77,"Haifa, T. Abu Hawwam_Late Bronze II"
35,828,34,75,"Megiddo, T._Iron I"
36,860,37,75,"Minha, H._Pre-Pottery Neolithic B"
37,550,42,74,"Jericho, T._Middle Bronze II"
38,646,39,73,"Jerusalem, Old City, Jewish Quarter, Area F, M_Late Hellenistic - Early Roman"
39,771,54,70,Magharat Abu Shinja_Persian
40,184,28,66,Akhziv_Iron II
41,225,31,66,"Ashqelon, T. Ashqelon_Iron II"
42,66,37,62,"`Akko, Persian Garden_Late Bronze II"
43,107,49,61,`En Gedi_Byzantine
44,439,35,61,"Gezer, T._Late Bronze"
45,570,31,60,"Jerusalem, `En Rogel_Roman"
46,99,23,58,`En Besor_Early Bronze IB
47,324,28,58,"Bet She'an, T._Middle Bronze II"
48,666,44,58,"Jerusalem, Old City, Western and Southern Walls_Early Roman (period)"
49,533,27,57,Hurfeish_Late Roman
50,1032,32,57,Samaria_Iron II
51,1134,51,57,"Wadi Murabba`at, Cave 1_Roman"
52,1228,20,57,מעין ברוך _Lower Palaeolithic
53,1142,29,56,"Yiftah'el, H._Pre-Pottery Neolithic B"
54,78,35,55,"`Arad, T._Early Bronze II"
55,830,24,53,"Megiddo, T._Iron II"
56,847,37,53,Mezad Hazeva_Iron II
57,586,19,52,"Jerusalem, City of David_Persian"
58,282,21,51,"Bet Mirsham, T._Iron II"
59,340,21,51,"Bet-Shemesh, T._Iron II"
60,769,38,51,"Mafjar, Kh. el-_Umayyad"
61,773,26,51,Magharat Shuqba_Natufian
62,928,44,51,"Nahariyya, Canaanite Temple_Middle Bronze II"
63,268,21,50,Besamon_Neolithic
64,286,24,49,"Bet Mirsham, T._Middle Bronze II"
65,311,39,49,"Bet She'an, T._Iron II"
66,744,26,49,"Lakhish, T._Late Bronze II"
67,717,31,48,Kfar Monash_Early Bronze IB
68,1163,23,47,"Zif, Kh._Middle Palaeolithic"
69,772,22,46,Magharat Shuqba_Middle Palaeolithic
70,775,23,46,Magharat Umm Qatafa_Lower Palaeolithic
71,1003,26,45,Ramat Rahel_Iron II
72,310,24,44,"Bet She'an, T._Iron I"
73,578,27,44,"Jerusalem, City of David_Early Roman (period)"
74,630,25,44,"Jerusalem, Old City_Early Roman (period)"
75,601,19,43,"Jerusalem, Har ha-Zofim (east)_Early Roman (period)"
76,1009,26,43,"Ramla, esh-Sheikh Rihan_Early Islamic"
77,680,28,42,"Jerusalem, Rehov Salah ed-Din, Ministry of Justice_Late Roman"
78,79,30,41,"`Arad, T._Iron II"
79,565,17,41,"Jerusalem, `En Rogel_Early Roman (period)"
80,815,21,41,Me`arat Oren_Natufian
81,497,23,40,Har Harif_Harifian
82,1051,20,39,Sha`ar ha-Golan_Pottery Neolithic
83,825,19,38,"Megiddo, T._Early Bronze I"
84,939,13,38,Nemal Akhziv_Iron II
85,88,20,37,`Atlit_Persian
86,269,16,36,Besamon_Pottery Neolithic
87,379,14,36,Caesarea_Fatimid
88,930,25,36,"Nahariyya, Giv`at Katzenelson_Late Roman"
89,140,17,35,"`Ovadya, T., Prehistoric site_Lower Palaeolithic"
90,610,29,35,"Jerusalem, Ketef Hinnom_Iron IIC-Babylonian"
91,798,17,35,Me`arat Amira_Upper Palaeolithic
92,838,21,35,"Megiddo, T._Middle Bronze II"
93,493,17,34,Hamadya_Pottery Neolithic
94,592,16,34,"Jerusalem, Giv`at ha-Mivtar_Early Roman (period)"
95,813,17,34,Me`arat Kebara_Upper Palaeolithic
96,821,19,34,Me`arot Yonim_Natufian
97,84,25,33,`Atlit_Crusader
98,143,20,33,"`Ujul, T. el-_Late Bronze"
99,779,18,33,"Makr, el-_Late Roman"
100,856,19,33,"Minha, H._Pottery Neolithic"
101,1103,11,33,Tiberias and Hammat_Fatimid
102,404,26,32,"Dan, T._Late Bronze II"
103,953,23,32,Nizzana_Byzantine
104,1239,25,32,נחל עומר _Early Islamic
105,344,15,31,"Bet-Shemesh, T._Late Bronze II"
106,377,13,31,Caesarea_Early Islamic
107,526,16,31,Holot Qesari (south)_Late Roman - Byzantine
108,802,15,31,Me`arat ha-Gulgolet_Middle Palaeolithic
109,202,11,30,Ashkelon  1933 _Iron IIC-Babylonian-Persian
110,873,15,30,Mizpah_Early Bronze I
111,837,14,29,"Megiddo, T._Middle Bronze I"
112,879,14,29,Mizpah_Iron II
113,108,14,28,`En Gedi_Early Roman (period)
114,365,14,28,"Burnat, Kh._none"
115,368,20,28,BURNT HOUSE_Early Roman (period)
116,375,10,28,Caesarea_Byzantine
117,573,12,28,"Jerusalem, Binyane ha-Umma_Roman"
118,621,14,28,"Jerusalem, Mount Scopus (west)_Early Roman (period)"
119,751,13,28,"Lidd, Kh._Late Roman"
120,1155,15,28,"Zaf, T._Pre-Ghassulian Chalcolithic"
121,339,11,27,"Bet-Shemesh, T._Iron I"
122,494,9,27,Hammat_Fatimid
123,644,10,27,"Jerusalem, Old City, Jewish Quarter, Area F, M_Iron II"
124,940,9,27,Nemal Akhziv_Iron IIB
125,958,10,27,Palmahim_Late Roman
126,35,16,26,'En Tamar_Roman
127,54,11,26,`Ai_Early Bronze I
128,358,12,26,Bir er-Ruqeish_Iron II
129,426,13,26,Gan Soreq (north)_none
130,499,13,26,Har Qedumim_Middle Palaeolithic
131,556,11,26,"Jericho, T._Pre-Pottery Neolithic B"
132,633,13,26,"Jerusalem, Old City_Late Hellenistic"
133,668,13,26,"Jerusalem, Old City, Western and Southern Walls_Iron II"
134,908,18,26,Nahal Hever_Roman
135,259,13,25,"Be'er Sheva`, H. Zafad_Late Chalcolithic"
136,459,13,25,Ha-Gosherim_Hellenistic
137,913,19,25,"Nahal Mishmar, Cave of the Treasure_Late Chalcolithic"
138,273,9,24,Besamon_Pre-Pottery Neolithic
139,567,12,24,"Jerusalem, `En Rogel_Late Roman"
140,800,12,24,Me`arat ha-Gulgolet_Lower Palaeolithic
141,842,12,24,Meron_none
142,852,12,24,"Mikhal, T._none"
143,882,20,24,Moa_Roman
144,1140,11,24,Yavne (north-west)_Iron IIA
145,510,10,23,"Hazor, T._Late Bronze II"
146,710,11,23,Kavul_Early Byzantine
147,822,12,23,Me`arot Yonim_Upper Palaeolithic
148,849,17,23,Mezad Rahel_Roman
149,941,8,23,Nemal Akhziv_Iron IIC
150,1059,9,23,"Sharuhen, T._Iron II"
151,315,15,22,"Bet She'an, T._Late Bronze"
152,907,12,22,Nahal Hever_Middle Roman (70-135 CE)
153,982,13,22,"Qeiyafa, Kh._Iron IIA"
154,87,7,21,`Atlit_Middle Bronze II
155,175,11,21,Afeq_Middle Bronze II
156,512,13,21,Hedera _Late Roman
157,996,9,21,"Qumran, Cave 4Q_Early Roman (period)"
158,1057,9,21,"Sharuhen, T._Iron I"
159,1077,11,21,Shiqmim (Unofficial name)_Late Chalcolithic
160,190,10,20,"Anafa, T._Hellenistic"
161,297,9,20,Bet She'an_Mamluk
162,308,12,20,"Bet She'an, T._Hellenistic"
163,316,9,20,"Bet She'an, T._Late Bronze I"
164,378,9,20,Caesarea_Early Roman (period)
165,455,16,20,Gush Halav_Byzantine
166,509,8,20,"Hazor, T._Iron II"
167,672,10,20,"Jerusalem, Old City, Western and Southern Walls_Middle Roman - Late Roman"
168,675,11,20,"Jerusalem, Pisgat Ze'ev_Early Roman (period)"
169,962,10,20,"Panias, H._Ottoman"
170,3,11,19, Unknown_Byzantine
171,24,12,19, Unknown_Roman
172,145,13,19,"`Ujul, T. el-_Late Bronze I"
173,441,13,19,"Gezer, T._Late Bronze II"
174,553,9,19,"Jericho, T._Pottery Neolithic A"
175,942,14,19,Neve Ur_Middle Bronze II
176,1007,9,19,Ramla_Early Islamic
177,1018,8,19,"Rehov, T._Iron IIA"
178,1075,7,19,"Sheva`, T._Iron II"
179,43,9,18,(+)Gan Soreq (north) (4398/0);Gan Soreq (south) (839/0);Gan Soreq (south) [west] (36119/0)_none
180,55,9,18,`Ai_Early Bronze II-III
181,201,11,18,Asherat_Late Roman
182,248,6,18,Barqai_Middle Bronze IIB
183,258,12,18,"Be'er Sheva`, H. Matar_Late Chalcolithic"
184,288,6,18,"Bet Mirsham, T._Middle Bronze IIB"
185,329,11,18,"Bet She'an, T._Roman"
186,399,12,18,"Christmas Cave, Nahal Qidron_Roman"
187,1030,10,18,Samaria_Hellenistic
188,1156,9,18,"Zafit, T._Persian"
189,117,8,17,`En Gedi_Roman
190,174,8,17,Afeq_Late Bronze II
191,192,8,17,Ard es-Samrra_Pottery Neolithic
192,326,6,17,"Bet She'an, T._Middle Bronze IIB"
193,763,12,17,Ma`yan Barukh_Roman
194,833,10,17,"Megiddo, T._Late Bronze"
195,844,14,17,Mesad Boqeq_Byzantine
196,911,17,17,Nahal Mishmar_Late Chalcolithic
197,1176,13,17,Zuq el-Fauqani ez-_Byzantine
198,72,10,16,"`Alya, Kh._Roman"
199,161,8,16,14590-24360 14590-24360_none
200,239,8,16,"Avel Bet Ma`akha, T._Lower Palaeolithic"
201,348,6,16,"Bet-Shemesh, T._Middle Bronze II"
202,355,8,16,Bethsaida_none
203,376,7,16,Caesarea_Crusader
204,697,9,16,"Jisr, el-_Middle Bronze II"
205,749,6,16,"Lakhish, T._Persian"
206,839,8,16,"Megiddo, T._Middle Bronze II-Late Bronze"
207,848,15,16,Mezad Rahel_Early Roman (period)
208,918,13,16,Nahal tut_Persian
209,115,10,15,`En Gedi_Middle Roman
210,193,13,15,"Arshaf, T._Crusader"
211,909,8,15,"Nahal Hever, Cave 2_Middle Roman"
212,943,7,15,Neve Ur_Middle Bronze IIA
213,954,13,15,Nizzana_Late Byzantine
214,58,13,14,`Akko (north)_Early Roman (period)
215,153,7,14,"`Ujul, T. el-_Middle Bronze IIB"
216,480,7,14,"Haifa, T. Abu Hawwam_Iron I"
217,602,6,14,"Jerusalem, Har ha-Zofim_Early Roman (period)"
218,673,7,14,"Jerusalem, Old City, Western and Southern Walls_none"
219,881,13,14,Moa_Late Roman
220,895,13,14,Nahal 'Omer_Early Islamic
221,922,14,14,Nahal Ze`elim_Late Chalcolithic
222,926,5,14,Nahal Zin_Upper Paleolithic
223,956,8,14,Ono_Byzantine
224,959,5,14,Palmahim_Late Roman - Byzantine
225,1045,8,14,Sha`ar Efrayim (south) [north]_Late Chalcolithic
226,1160,10,14,"Zelef, H._Middle Bronze II"
227,62,5,13,`Akko_Crusader
228,214,6,13,"Ashqelon, Afridar and Barnea`_Pre-Pottery Neolithic C"
229,235,5,13,"Ashqelon, T. Ashqelon_Middle Roman - Late Roman"
230,307,11,13,"Bet She'an, T._Early Roman (period)"
231,458,8,13,Ha-Gosherim_Early Roman (period)
232,485,6,13,"Haifa, T. Abu Hawwam_Persian"
233,515,6,13,Hefzi-Bah_Geometric Kebaran
234,903,8,13,Nahal Hadera (north)_Late Roman
235,924,9,13,Nahal Zin_Natufian
236,1008,5,13,Ramla_Mamluk
237,1025,4,13,Rosh ha-`Ayin_Ottoman
238,1037,11,13,Samaria_Roman
239,179,5,12,Afeq_Roman
240,223,9,12,"Ashqelon, T. Ashqelon_Early Roman (period)"
241,301,5,12,"Bet She'an, T._Byzantine"
242,498,4,12,Har Mizpe Yammim_Persian
243,594,6,12,"Jerusalem, Giv`at Sha'ul_none"
244,708,5,12,"Karkor `Illit, H._Byzantine"
245,752,6,12,"Lidd, Kh._Late Roman - Byzantine"
246,789,4,12,"Maresha, T._Late Hellenistic"
247,817,6,12,Me`arat Sefunim_Upper Palaeolithic
248,899,6,12,Nahal Be'er Sheva`_Late Chalcolithic
249,927,6,12,Nahariyya_none
250,945,5,12,Neve Ur_Pre-Pottery Neolithic A
251,947,6,12,"Ni`ana, Kh._Byzantine"
252,972,6,12,"Qastra, H._Byzantine"
253,1014,7,12,Rasm Kharbush_Late Chalcolithic
254,1049,5,12,Sha`ar ha-Golan_Late Neolithic
255,1065,6,12,"Sharuhen, T._Persian"
256,1146,5,12,"Yoqne`am, T._Iron I"
257,36,5,11,(+) (1219/9); (1219/13); (1219/15)_Early Islamic
258,81,6,11,`Ard el-Mihjar_Byzantine
259,110,7,11,`En Gedi_Late Hellenistic
260,270,5,11,Besamon_Pottery Neolithic A
261,335,7,11,"Bet Yerah, T._Early Bronze II"
262,363,10,11,"Burga, T._Middle Bronze IIA"
263,424,4,11,"Gamma, T._Persian"
264,437,6,11,"Gezer, T._Iron I"
265,506,6,11,Hatula_Pre-Pottery Neolithic A
266,684,9,11,"Jerusalem, Rockefeller Museum_Late Roman"
267,695,10,11,"Jerusalem, Ymca--Keren ha-Yesod Street_Late Roman"
268,811,5,11,Me`arat Kebara_Middle Palaeolithic
269,857,7,11,"Minha, H._Pottery Neolithic A"
270,870,9,11,Mishmarot_Roman
271,912,11,11,Nahal Mishmar_Roman
272,973,5,11,"Qastra, H._Early Roman (period)"
273,980,9,11,"Qedesh, T._Middle Bronze I"
274,991,5,11,Qumran Caves_Early Roman (period)
275,1165,5,11,"Zippor, T._Persian"
276,1175,5,11,Zuq el-Fauqani ez-_Arab-Byzantine
277,1,4,10,  Ashkelon  region  סביבות  אשקלון _Persian (?)
278,11,7,10, Unknown_Iron II
279,22,4,10, Unknown_Persian
280,222,5,10,"Ashqelon, T. Ashqelon_Byzantine"
281,330,7,10,"Bet She`arim, H._Byzantine"
282,336,5,10,"Bet Yerah, T._Early Bronze III"
283,359,5,10,"Bira, Kh. el-_Late Chalcolithic"
284,435,6,10,"Gezer, T._Early Bronze I"
285,537,5,10,Iqrit_none
286,597,5,10,"Jerusalem, Giva`t Shapira_Early Roman (period)"
287,599,5,10,"Jerusalem, ha-`Ophel_Iron II"
288,667,5,10,"Jerusalem, Old City, Western and Southern Walls_Fatimid"
289,681,10,10,"Jerusalem, Rehov Salah ed-Din, Ministry of Justice_Middle Roman - Late Roman"
290,810,5,10,Me`arat Kebara_Kebaran
291,1015,5,10,"Rasm, Kh. er-_Hellenistic"
292,1158,7,10,"Zariq, T. and `En Zariq_Pottery Neolithic B / Pre-Ghassulian Chc"
293,1171,5,10,Zippori_none
294,56,5,9,`Ai_Early Bronze III
295,75,5,9,`Ar`ara_Roman
296,154,6,9,"`Ujul, T. el-_Middle Bronze IIB-C"
297,172,3,9,Afeq_Iron I
298,196,6,9,"Ashdod Yam, H._Late Bronze II"
299,242,3,9,Azor_Middle Bronze IIB
300,285,3,9,"Bet Mirsham, T._Late Bronze II"
301,305,5,9,"Bet She'an, T._Early Bronze III"
302,322,7,9,"Bet She'an, T._Late Roman"
303,382,4,9,Caesarea_Late Roman
304,484,4,9,"Haifa, T. Abu Hawwam_none"
305,511,3,9,"Hazor, T._Middle Bronze II"
306,521,5,9,"Hoga, H._Byzantine"
307,623,5,9,"Jerusalem, Nahalat Ahim_Byzantine"
308,625,4,9,"Jerusalem, Nahalat Ahim_Late Byzantine"
309,654,4,9,"Jerusalem, Old City, Jewish Quarter, Cardo_Early Islamic"
310,855,4,9,"Minha, H._Neolithic"
311,885,4,9,Moza `Illit_Late Roman
312,950,5,9,"Ni`ana, Kh._Late Roman - Early Byzantine"
313,976,4,9,"Qastra, H._Late Roman - Byzantine"
314,1027,4,9,"Rosh Zayit, H._Iron II"
315,1042,3,9,"Sera`, T._Late Bronze IIB-Iron I"
316,1063,7,9,"Sharuhen, T._Late Bronze IIB-Iron I"
317,1085,6,9,"Shubeika, Kh. esh-_Roman"
318,1170,3,9,Zippori_Middle Roman - Late Roman
319,53,6,8,"(+)Yehud, T. (1269/0)_Middle Bronze I"
320,205,5,8,Ashkelon  1933 _Persian-Hellenistic
321,209,4,8,"Ashqelon, Afridar and Barnea` (east)_none"
322,250,3,8,"Batash, T._Iron II"
323,271,4,8,Besamon_Pottery Neolithic B
324,319,1,8,"Bet She'an, T._Late Bronze IIB"
325,323,4,8,"Bet She'an, T._Middle Bronze I"
326,383,4,8,Caesarea_Late Roman - Byzantine
327,388,3,8,Caesarea_Roman
328,389,3,8,Caesarea_Umayyad
329,396,4,8,Cave of Horror_Middle Roman (70-135 CE)
330,398,7,8,"Christmas Cave, Nahal Qidron_Late Chalcolithic"
331,403,4,8,"Dan, T._Iron II"
332,408,4,8,"Dor, T._none"
333,409,5,8,"Dor, T._Persian"
334,421,3,8,"Gamma, T._Iron II"
335,496,6,8,Hanita_Late Roman
336,503,4,8,Haruzim (east)_Pre-Pottery Neolithic C
337,540,3,8,"Jarrar, Kh._Late Roman"
338,557,8,8,"Jersusalem, `Arab es-Sawahira_Byzantine"
339,618,3,8,"Jerusalem, Mizrah Talpiyyot_Early Roman (period)"
340,642,4,8,"Jerusalem, Old City, Jewish Quarter, Area F, M_Hellenistic"
341,674,6,8,"Jerusalem, Old City, Western and Southern Walls_Roman"
342,747,4,8,"Lakhish, T._Middle Bronze I"
343,760,5,8,Ma`yan Barukh_Lower Palaeolithic
344,761,3,8,Ma`yan Barukh_Middle Bronze I
345,816,4,8,Me`arat Oren_Pre-Pottery Neolithic B
346,854,4,8,"Minha, H._Late Neolithic"
347,951,3,8,"Ni`ana, Kh._Mamluk"
348,977,2,8,"Qastra, H._Roman"
349,989,5,8,"Qitmit, H._Iron II"
350,1012,4,8,Ramot Menashe 1_Lower Palaeolithic
351,1022,4,8,"Rimmon, H._none"
352,1033,1,8,Samaria_Iron IIC-Babylonian-Persian
353,1125,5,8,"Turmus, T._Late Chalcolithic"
354,1133,6,8,"Wadi Murabba`at, Cave 1_Late Chalcolithic"
355,1135,2,8,"Waziya, Kh. el-_Byzantine"
356,1185,4,8,איזור כיסופים _Lower Palaeolithic
357,16,3,7, Unknown_Late Chalcolithic
358,29,3,7,_Late Chalcolithic
359,70,5,7,"`Alya, Kh._Late Roman"
360,96,3,7,"`Eleq, H._Early Roman (period)"
361,104,5,7,"`En Gedi - Goren, Tell_Iron II"
362,217,6,7,"Ashqelon, Migdal Ashqelon_Byzantine"
363,241,4,7,Azor_Late Chalcolithic
364,267,3,7,Besamon_Early Bronze
365,313,6,7,"Bet She'an, T._Iron IIA"
366,343,1,7,"Bet-Shemesh, T._Late Bronze I"
367,464,3,7,Ha-Gosherim_Pre-Ghassulian Chalcolithic
368,465,3,7,"Ha-Gosherim, Nili (north)_Chalcolithic"
369,469,3,7,"Ha-Gosherim, Nili (north)_Neolithic"
370,489,3,7,"Haifa, Tel `Amal and Neve Yosef_Iron II"
371,524,4,7,"Holon, Industrial Zone_Early Bronze I"
372,542,3,7,"Jericho, T._Early Bronze"
373,634,3,7,"Jerusalem, Old City_Late Hellenistic - Early Roman (152 BCE - 70 CE)"
374,643,4,7,"Jerusalem, Old City, Jewish Quarter, Area F, M_Hellenistic-Roman"
375,655,4,7,"Jerusalem, Old City, Jewish Quarter, Cardo_Mamluk"
376,797,5,7,Me`arat Amira_Middle Palaeolithic
377,836,3,7,"Megiddo, T._Late Bronze IIB-Iron I"
378,864,5,7,Mishmar ha-`Emeq_Byzantine
379,890,3,7,Mugharet    el    Ghul _Neolithic
380,949,3,7,"Ni`ana, Kh._Late Roman - Byzantine"
381,968,1,7,"Qarqar, H._Late Chalcolithic"
382,994,7,7,"Qumran, Cave 2Q_Early Roman (period)"
383,1043,3,7,"Serah `Illit, H._Late Roman"
384,1090,3,7,"Tel Aviv, esh-Sheikh Muwannis_Ottoman"
385,1117,7,7,Tiv`on_Roman
386,1180,1,7,Zur Natan_Middle Roman - Late Roman
387,1189,1,7,"אשקלון,ליד    בה""ס    בכפר    ג'ורה        Askhlekon        area _Roman"
388,17,2,6, Unknown_Late Chalcolithic (?)
389,67,3,6,"`Akko, T._Persian"
390,93,4,6,`Ein el-Hariri_Late Chalcolithic
391,98,3,6,`En `Aqev_Upper Palaeolithic
392,177,2,6,Afeq_Middle Bronze II-Late Bronze
393,185,3,6,Akhziv_none
394,231,4,6,"Ashqelon, T. Ashqelon_Late Roman"
395,238,2,6,"Ashqelon, T. Ashqelon_Roman"
396,272,2,6,Besamon_PPN
397,277,2,6,Bet Guvrin_Late Roman
398,284,4,6,"Bet Mirsham, T._Late Bronze"
399,299,2,6,Bet She'an_Umayyad
400,303,3,6,"Bet She'an, T._Early Bronze I"
401,349,2,6,Beth Zur_Iron II
402,381,2,6,Caesarea_Late Byzantine-Ummayad
403,387,3,6,Caesarea_none
404,397,5,6,Cave of Horror_Roman
405,401,3,6,Dalia 1_Lower Palaeolithic
406,449,3,6,Giv`at Yasaf_Late Roman
407,466,3,6,"Ha-Gosherim, Nili (north)_Early Bronze"
408,477,2,6,"Haifa, Shiqmona_Middle Bronze II"
409,513,4,6,Hedera _Late Roman - Byzantine
410,564,3,6,"Jerusalem, `En Rogel_Byzantine"
411,571,3,6,"Jerusalem, Baq`a_Lower Palaeolithic"
412,580,5,6,"Jerusalem, City of David_Hellenistic-Roman"
413,614,4,6,"Jerusalem, Mamilla_Byzantine"
414,619,2,6,"Jerusalem, Mizrah Talpiyyot_Roman"
415,624,5,6,"Jerusalem, Nahalat Ahim_Late Bronze II"
416,631,2,6,"Jerusalem, Old City_Iron II"
417,689,2,6,"Jerusalem, The Jewish Quarter, St. Mary of the Knights_Crusader"
418,700,3,6,Kabri_Pottery Neolithic B / Pre-Ghassulian Chc
419,709,3,6,Karm er-Ras_none
420,723,3,6,Kinneret_Early Bronze II
421,727,3,6,"Kison, T._none"
422,731,3,6,Kokhav ha-Yarden_Crusader
423,736,3,6,Korazim_none
424,750,3,6,"Lidd, Kh._Byzantine"
425,783,3,6,"Manawat, el-_Late Roman"
426,794,3,6,Mazoq Nahal Mitla_Middle Palaeolithic
427,801,3,6,Me`arat ha-Gulgolet_Lower Palaeolithic (?)
428,834,3,6,"Megiddo, T._Late Bronze I"
429,846,3,6,Mezad `Ateret_none
430,850,1,6,Mezad Sha`ar Ramon_Late Roman
431,872,3,6,Mizpah_Early Bronze
432,948,3,6,"Ni`ana, Kh._Early Byzantine"
433,990,4,6,"Qitmit, H._Iron IIC"
434,1061,4,6,"Sharuhen, T._Late Bronze II"
435,1067,2,6,Shechem (Ancient Site)_Middle Bronze II
436,1073,3,6,"Shema`, H._none"
437,1084,3,6,"Shubeika, Kh. esh-_Late Roman - Early Byzantine"
438,1116,3,6,Tiv`on_Middle Roman
439,1126,4,6,"Turmus, T._Late Chalcolithic,Pre-Ghassulian Chalcolithic"
440,1138,3,6,Yafo_none
441,1151,4,6,"Yoqne`am, T._Middle Bronze II"
442,1179,3,6,Zur Natan_Byzantine
443,1192,2,6,בית גמליאל _Middle Bronze II
444,1243,2,6,עכו _Crusader
445,1255,3,6,רמות מנשה 1 _Lower Palaeolithic
446,7,3,5, Unknown_Early Roman (period)
447,8,2,5, Unknown_Fatimid
448,39,2,5,(+)_none
449,60,3,5,`Akko (north)_Roman
450,73,5,5,"`Aqav, H._Byzantine"
451,80,5,5,"`Arad, T._Persian"
452,111,2,5,`En Gedi_Late Hellenistic - Early Roman
453,112,4,5,`En Gedi_Late Hellenistic - Roman
454,122,2,5,`En ha-Shomer_Epi-Palaeolithic
455,138,3,5,`Ira T._Iron II
456,149,3,5,"`Ujul, T. el-_Middle Bronze I"
457,156,3,5,"`Utsa, H._Byzantine"
458,157,3,5,"`Utsa, H._Hellenistic"
459,165,3,5,Abu Ghosh_Pre-Pottery Neolithic B
460,188,4,5,American  Colony  Tombs-1940 _Late Roman
461,198,1,5,"Ashdod, T._Iron I"
462,247,2,5,Barqai_Middle Bronze II
463,255,3,5,"Be'er Shema`, H._Late Byzantine"
464,260,3,5,Beit Fajjar_Late Roman - Byzantine
465,263,4,5,Ben Shemen_Middle Roman (70-135 CE)
466,266,2,5,Berekhat Ram_Lower Palaeolithic
467,290,2,5,"Bet Natif, H._Roman"
468,386,4,5,Caesarea_Middle Roman - Late Roman
469,419,2,5,"Gamma, T._Iron Age"
470,425,1,5,"Gamma, T._Persian (?)"
471,438,3,5,"Gezer, T._Iron II"
472,443,2,5,"Gezer, T._Middle Bronze II"
473,467,2,5,"Ha-Gosherim, Nili (north)_Late Chalcolithic"
474,481,3,5,"Haifa, T. Abu Hawwam_Iron II"
475,536,3,5,Iqrit_Late Roman - Early Byzantine
476,548,2,5,"Jericho, T._Late Bronze I"
477,549,2,5,"Jericho, T._Late Chalcolithic"
478,555,2,5,"Jericho, T._Pre-Pottery Neolithic A"
479,577,3,5,"Jerusalem, City of David_Early Bronze I"
480,595,2,5,"Jerusalem, Giv`at Shapira_Early Roman (period)"
481,608,3,5,"Jerusalem, Ketef Hinnom_Early Roman (period)"
482,613,2,5,"Jerusalem, Kh. el-Burj_Crusader"
483,635,2,5,"Jerusalem, Old City_Late Hellenistic,Early Roman (period)"
484,645,3,5,"Jerusalem, Old City, Jewish Quarter, Area F, M_Late Hellenistic"
485,686,3,5,"Jerusalem, Romema_Early Roman (period)"
486,692,5,5,"Jerusalem, Wa`ar Abu es-Safa_Early Roman (period)"
487,699,3,5,Kabri_Pottery Neolithic B / Pre-Ghassulian Chalcolithic
488,742,4,5,"Lakhish, T._Late Bronze"
489,755,2,5,Lod_Roman
490,765,5,5,"Mafjar, Kh. el-_Early Islamic"
491,774,1,5,MAGHARAT UMM EZ-ZUWEITINA_Natufian
492,778,5,5,"Makr, el-_Byzantine"
493,782,3,5,"Mamshit, H._Late Roman"
494,791,5,5,"Maresha, T._Persian"
495,840,1,5,"Megiddo, T._none"
496,862,2,5,"Miqne, T._Late Bronze II"
497,867,5,5,Mishmar ha-`Emeq_Late Roman - Early Byzantine
498,883,1,5,Montfort_Crusader
499,916,4,5,"Nahal Mishmar, Me`arat ha-Matmon_Roman"
500,929,5,5,"Nahariyya, Giv`at Katzenelson_Byzantine"
501,960,1,5,"Panias, H._Ayyubid"
502,975,2,5,"Qastra, H._Late Roman"
503,1021,1,5,"Rekhesh, T._Iron I"
504,1048,3,5,Sha`ar ha-`Amaqim_none
505,1050,2,5,Sha`ar ha-Golan_Neolithic
506,1058,1,5,"Sharuhen, T._Iron I (?)"
507,1108,5,5,Timna`_Late Bronze
508,1121,4,5,Trig. point 819-A (west)_Byzantine
509,1131,2,5,"Wadi Murabba`at, Cave 1_Early Roman (period)"
510,1147,2,5,"Yoqne`am, T._Iron II"
511,1164,2,5,"Zippor, T._none"
512,1172,4,5,Zippori_Roman
513,1251,1,5,קבר  אל  בסה  El  Basseh _Roman
514,4,2,4, Unknown_Byzantine (?)
515,23,1,4, Unknown_Persian-Hellenistic (?)
516,44,2,4,"(+)Jerualem, Old City Wall (2921/108);Jerusalem, Old City (2921/0);Jerusalem, City of David (2922/0)_none"
517,45,2,4,"(+)Jerusalem, Binyane ha-Umma (5444/0);Jerusalem, Binyane ha-Umma (2789/0);Jerusalem, Binyene ha-Umma (south) (27212/0)_none"
518,49,2,4,"(+)Maresha, Underground System No. 61 (1300/3);Hemda, H. (1299/0);Maresha, T. (1300/0)_none"
519,51,2,4,"(+)Qedesh, T. (3631/0);Qedesh, T. (north) (22853/0)_none"
520,65,2,4,`Akko_none
521,71,2,4,"`Alya, Kh._none"
522,90,2,4,"`Azeqa, T._Iron II"
523,97,2,4,"`Eleq, H._Late Byzantine"
524,103,1,4,"`En Gedi - Goren, T._Persian"
525,106,2,4,"`En Gedi - Goren, Tell_none"
526,109,4,4,`En Gedi_Late Byzantine
527,113,2,4,`En Gedi_Late Roman - Byzantine
528,144,3,4,"`Ujul, T. el-_Late Bronze (?)"
529,197,1,4,"Ashdod, T._Early Roman (period)"
530,199,3,4,"Ashdod, T._Iron II"
531,216,2,4,"Ashqelon, Industrial Area (north)_Byzantine"
532,224,1,4,"Ashqelon, T. Ashqelon_Fatimid"
533,283,1,4,"Bet Mirsham, T._Iron II (?)"
534,334,3,4,"Bet She`arim, H._Roman"
535,372,4,4,BURNT HOUSE_Roman (?)
536,384,2,4,Caesarea_Late Roman - Early Byzantine
537,395,3,4,Cave of Horror_Early Roman - Middle Roman
538,402,2,4,Dalton_none
539,407,2,4,"Dhahiriya, edh-_Iron II"
540,411,3,4,El-Bineh  1932 _Late Roman
541,418,2,4,Gamla_none
542,436,2,4,"Gezer, T._Hellenistic"
543,440,1,4,"Gezer, T._Late Bronze (?)"
544,457,2,4,Gush Halav_none
545,460,2,4,Ha-Gosherim_Late Hellenistic
546,468,3,4,"Ha-Gosherim, Nili (north)_Late Neolithic"
547,471,2,4,"Ha-Gosherim, Nili (north)_Pottery Neolithic B"
548,475,2,4,"Hadat, H._none"
549,501,2,4,Haruzim (east)_Neolithic
550,519,2,4,"Hishule Carmel, Underwater site_Neolithic"
551,529,2,4,Horevot Mazada_none
552,541,2,4,Jatt_Late Bronze II
553,546,2,4,"Jericho, T._Iron II"
554,552,2,4,"Jericho, T._Pottery Neolithic"
555,554,2,4,"Jericho, T._Pre-Pottery Neolithic"
556,561,1,4,"Jerusalem, `Ein el-Haniya_Byzantine"
557,562,3,4,"Jerusalem, `Emeq Refaim_Lower Palaeolithic"
558,568,2,4,"Jerusalem, `En Rogel_Late Roman - Byzantine"
559,584,3,4,"Jerusalem, City of David_Middle Roman - Late Roman"
560,585,2,4,"Jerusalem, City of David_none"
561,588,2,4,"Jerusalem, City of David, Pool of Shiloah_Roman"
562,612,2,4,"Jerusalem, Ketef Hinnom_Persian"
563,617,2,4,"Jerusalem, Meqor Hayyim_none"
564,626,2,4,"Jerusalem, Old City_Byzantine"
565,627,2,4,"Jerusalem, Old City_Early Byzantine"
566,651,2,4,"Jerusalem, Old City, Jewish Quarter, Cardo_Ayyubid"
567,657,2,4,"Jerusalem, Old City, Jewish Quarter, Cardo_Roman-Byzantine"
568,659,2,4,"Jerusalem, Old City, Jewish Quarter, Israelite and Hellenistic Towers_Umayyad"
569,687,2,4,"Jerusalem, Shikkunei Nuseiba_none"
570,691,2,4,"Jerusalem, Third Wall Area_none"
571,701,2,4,"Kabri, el-_Late Roman"
572,703,2,4,Kafar Bara_Late Roman - Early Byzantine
573,719,3,4,"Khan, Kh. el-_Byzantine"
574,722,2,4,"Khirba, el-_none"
575,738,2,4,"Lakhish, T._Early Bronze II"
576,759,1,4,Ma`yan Barukh (north-east)_Late Byzantine (?)
577,776,3,4,Mahzevat `Evron_Lower Palaeolithic
578,785,2,4,"Maresha, T._Byzantine"
579,786,3,4,"Maresha, T._Early Roman (period)"
580,790,2,4,"Maresha, T._none"
581,803,2,4,Me`arat ha-Gulgolet_Middle Palaeolithic (?)
582,804,3,4,Me`arat ha-Gulgolet_Upper Palaeolithic
583,805,2,4,Me`arat ha-Nahal_Middle Palaeolithic
584,814,4,4,Me`arat Oren_Geometric Kebaran
585,845,1,4,"Mevorakh, T._Roman"
586,858,2,4,"Minha, H._Pottery Neolithic B"
587,869,4,4,Mishmar ha-`Emeq_Roman-Byzantine
588,871,1,4,"Mishor Adumim, Khan el-Ahmar_Byzantine"
589,877,4,4,Mizpah_Iron I
590,892,1,4,"Muzzav, H._Roman"
591,921,1,4,Nahal Ze'elim_Late Chalcolithic
592,933,3,4,"Nahariyya, Giv`at Katzenelson_Roman"
593,934,2,4,Nahf_none
594,955,2,4,"Oholo 2_Epi-Paleolithic,Epi-Palaeolithic"
595,961,2,4,"Panias, H._none"
596,966,2,4,Qanat el-Ja`ar_Early Bronze IB
597,970,3,4,"Qashish, T._Early Bronze III"
598,981,2,4,"Qedesh, T._none"
599,985,1,4,"Qesari, H._none"
600,1004,1,4,Ramat Rahel_Late Roman
601,1005,2,4,Ramat Rahel_Persian
602,1011,2,4,"Ramla, Mahzevot Nesher (north)_none"
603,1080,2,4,"Shubeib, T._Late Roman"
604,1097,1,4,"Tel Aviv, T. Qasila_Iron II"
605,1102,1,4,Tiberias and Hammat_Early Islamic
606,1105,2,4,Tiberias and Hammat_none
607,1112,2,4,Tirat Karmel_Middle Palaeolithic
608,1115,2,4,Tiv`on_Early Roman (period)
609,1119,3,4,Trig. point 204-E_Byzantine
610,1130,2,4,Unknown_Late Hellenistic - Roman
611,1153,2,4,"Za`quqa, Kh._Early Hellenistic"
612,1159,4,4,"Zelef, H._Late Bronze II"
613,1166,2,4,Zippori_Byzantine
614,1174,4,4,Zomet Pardesiya_Byzantine
615,1190,1,4,"אתלית  ים,  אתר  תת  ימי _Pottery Neolithic A"
616,1197,2,4,דקלה _none
617,1208,2,4,טולול  רוסום  Tulul  er-Rusum _Byzantine
618,1215,2,4,כברי תחנת הטרנספורמטור _Late Roman
619,1218,2,4,לא  ידוע _Pottery Neolithic
620,1231,3,4,מערת  חג  המולד  בנחל  קדרון _Roman
621,1237,3,4,"נחל חבר, מערה ב' _Middle Roman (70-135 CE)"
622,1240,1,4,"סאווריף  ,1932  Sawarif _Early Roman (period)"
623,2,1,3, Unknown_Ayyubid
624,5,1,3, Unknown_Crusader
625,9,2,3, Unknown_Hellenistic
626,12,1,3, Unknown_Iron II (?)
627,18,3,3, Unknown_Late Roman
628,25,2,3, Unknown_Roman (?)
629,26,1,3,_Byzantine
630,30,3,3,_Late Islamic
631,41,1,3,"(+)`Akko, Underwater Site (4401/0);`Akko (2266/0)_Crusader"
632,42,1,3,"(+)Ashqelon, Marina (349/1);Ashqelon, Afridar and Barnea` (349/0);Ashqelon, Semadar Hotel (349/2)_Ottoman"
633,46,1,3,"(+)Jerusalem, Monastery of the Cross (2788/0);Jerusalem, Sederot ha-Nasi Ben Zvi (2786/1);Jerusalem, Sederot ha-Nasi Ben Zvi (2786/0)_Early Roman (period)"
634,50,1,3,"(+)Menorim, H. (3676/0);Tiberias, Sitt Sukaina & Moslem cemet. (3679/11);Tiberias and Hammat (3679/0)_Fatimid"
635,57,1,3,`Ai_Iron I
636,61,1,3,`Akko Aqueduct_Byzantine
637,76,3,3,"`Arad, T._Early Bronze I"
638,92,1,3,`Ein el-Fares_Late Chalcolithic
639,94,2,3,`Ein ez-Zeituna_Early Roman - Middle Roman
640,100,1,3,`En Besor_Late Chalcolithic
641,118,2,3,`En Gedi_Roman-Byzantine
642,119,2,3,"`En Gedi, Nahal David_Hellenistic"
643,120,2,3,"`En Gedi, Synagogue_Byzantine"
644,121,1,3,"`En Gev, T._Iron II"
645,123,1,3,`En ha-Shomer_Neolithic
646,124,1,3,`En ha-Shomer_Pre-Pottery Neolithic
647,127,3,3,`En Te'o_Pottery Neolithic
648,128,2,3,`Enot `Enan (south)_Middle Bronze I
649,135,3,3,`Evron_Byzantine
650,142,1,3,"`Ujul, T. el-_Early Bronze I"
651,146,1,3,"`Ujul, T. el-_Late Bronze I (?)"
652,151,1,3,"`Ujul, T. el-_Middle Bronze II (?)"
653,170,1,3,Acre_Crusader
654,171,2,3,Afeq_Early Bronze I
655,173,1,3,Afeq_Late Bronze I
656,181,1,3,Afiq_Byzantine
657,183,1,3,Akhziv (north)_Iron IIC
658,189,1,3,"Anafa, T._Early Roman (period)"
659,200,1,3,"Ashdod, T._Persian"
660,211,1,3,"Ashqelon, Afridar and Barnea`_Iron I"
661,219,1,3,"Ashqelon, Migdal Ashqelon_Roman"
662,228,1,3,"Ashqelon, T. Ashqelon_Late Bronze"
663,229,1,3,"Ashqelon, T. Ashqelon_Late Bronze IIB-Iron I"
664,230,2,3,"Ashqelon, T. Ashqelon_Late Hellenistic - Early Roman"
665,233,1,3,"Ashqelon, T. Ashqelon_Middle Bronze IIB"
666,234,1,3,"Ashqelon, T. Ashqelon_Middle Bronze IIC"
667,236,2,3,"Ashqelon, T. Ashqelon_Persian"
668,237,1,3,"Ashqelon, T. Ashqelon_Persian (?)"
669,240,1,3,Azor_Late Bronze IIB-Iron I
670,243,2,3,Azor_Ottoman
671,252,1,3,"Batash, T._Iron IIC"
672,253,3,3,"Be'er Sheb'a, Old Beduin Market_Byzantine"
673,265,1,3,"Bene Beraq, Giv`at Sokolov_Late Chalcolithic"
674,275,1,3,Besamon_Pre-Pottery Neolithic B (?)
675,280,1,3,"Bet Mirsham, T._Early Bronze II"
676,281,1,3,"Bet Mirsham, T._Iron I"
677,295,2,3,Bet She'an_Late Bronze II
678,309,2,3,"Bet She'an, T._Iron Age"
679,320,2,3,"Bet She'an, T._Late Bronze IIB-Iron I"
680,328,1,3,"Bet She'an, T._Persian"
681,331,2,3,"Bet She`arim, H._Late Roman"
682,346,2,3,"Bet-Shemesh, T._Late Bronze IIB-Iron I"
683,354,1,3,Bethsaida_Mamluk
684,356,1,3,Binyamina_Roman
685,357,1,3,Biq`at Quneitra_Middle Palaeolithic
686,360,1,3,"Bishop  Gobat  School,  Rock  cut  cistern _Early Roman (period)"
687,366,3,3,BURNT HOUSE_Byzantine
688,367,2,3,BURNT HOUSE_Early Roman - Middle Roman
689,380,1,3,Caesarea_Fatimid-Ayyubid
690,385,1,3,Caesarea_Mamluk
691,390,1,3,"Caesarea, Harbour_Crusader"
692,406,2,3,"Deir Sallam, Kh._Byzantine"
693,416,1,3,"Fardisya, Kh._Late Roman"
694,417,1,3,Fassuta_Middle Bronze IIB
695,434,1,3,"Gezer, T._Early Bronze (?)"
696,444,1,3,"Gezer, T._Middle Bronze IIB-C"
697,445,2,3,"Gezer, T._none"
698,448,1,3,Giv`at Ayyala_Middle Bronze II
699,453,1,3,"Govit, H._Late Chalcolithic"
700,482,1,3,"Haifa, T. Abu Hawwam_Late Bronze"
701,487,1,3,"Haifa, T. Shiqmona_Middle Bronze II"
702,500,1,3,Har Yeda`ya_Byzantine
703,508,1,3,"Hazor, T._Iron I"
704,514,3,3,Hedera _Late Roman - Early Byzantine
705,517,1,3,"Hermesh, H._Persian"
706,522,2,3,"Hoga, H._Late Byzantine-Ummayad"
707,532,1,3,Hurfeish_Early Roman (period)
708,535,1,3,Iqrit_Late Roman
709,543,1,3,"Jericho, T._Early Bronze I"
710,575,1,3,"Jerusalem, City of David_Arab-Byzantine"
711,593,2,3,"Jerusalem, Giv`at ha-Mivtar_Late Hellenistic - Early Roman"
712,596,1,3,"Jerusalem, Giv`at Shapira_Roman"
713,598,2,3,"Jerusalem, ha-`Ophel_Early Roman (period)"
714,609,1,3,"Jerusalem, Ketef Hinnom_Hellenistic"
715,616,1,3,"Jerusalem, Manahat_Late Bronze II"
716,620,1,3,"Jerusalem, Mont Scopus (west)_Early Roman (period)"
717,628,1,3,"Jerusalem, Old City_Early Islamic"
718,650,1,3,"Jerusalem, Old City, Jewish Quarter, Area F, M_Roman"
719,653,1,3,"Jerusalem, Old City, Jewish Quarter, Cardo_Byzantine"
720,658,1,3,"Jerusalem, Old City, Jewish Quarter, Israelite and Hellenistic Towers_Mamluk"
721,662,1,3,"Jerusalem, Old City, Western and Southern Walls Excavations_Early Roman (period)"
722,679,1,3,"Jerusalem, Rehov Alfasi_Late Hellenistic - Early Roman"
723,696,3,3,"Jerusalem, Ymca--Keren ha-Yesod Street_Roman"
724,698,1,3,Kabri_Iron IIC-Babylonian-Persian
725,702,2,3,"Kabri, el-_Roman"
726,704,2,3,Kafr Kama_Byzantine
727,711,1,3,Kefar Gil`adi_Pottery Neolithic A
728,712,1,3,Kefar ha-Horesh_Pre-Pottery Neolithic B
729,724,2,3,"Kinrot, T._Early Bronze II-III"
730,725,1,3,"Kinrot, T._Iron II"
731,726,1,3,"Kison, T._Iron II"
732,728,2,3,Kissufim road_Late Chalcolithic
733,729,1,3,"Kittan, T._Middle Bronze II"
734,734,2,3,Korazim_Late Roman
735,762,1,3,Ma`yan Barukh_Middle Roman (70-135 CE)
736,823,1,3,"Mefalsim, T._Byzantine"
737,826,1,3,"Megiddo, T._Early Bronze I-II"
738,863,1,3,Mishmar David_Hellenistic
739,865,3,3,Mishmar ha-`Emeq_Late Roman
740,886,1,3,Moza `Illit_Middle Bronze II
741,887,3,3,Moza_Iron II
742,894,1,3,"Nagila, T._Late Bronze I"
743,902,2,3,Nahal Hadera (north)_Early Roman (period)
744,905,1,3,Nahal Hever_Early Roman (period)
745,920,1,3,Nahal Zalmon Estuary_Early Roman (period)
746,944,1,3,Neve Ur_Pottery Neolithic
747,952,1,3,Nizzana_Arab-Byzantine
748,963,1,3,"Panias, H._Roman"
749,965,1,3,"Qallil, T._Middle Bronze II"
750,974,2,3,"Qastra, H._Late Byzantine"
751,979,1,3,"Qazyon, H._Roman-Byzantine"
752,984,1,3,"Qesari, H._Islamic"
753,986,3,3,Qiryat Ata_Byzantine
754,987,2,3,Qiryat Ata_Early Byzantine
755,997,1,3,"Qumran, Cave 7Q_Roman"
756,1013,1,3,Ras Abu Dahud (north)_Byzantine
757,1019,1,3,"Rehov, T._Middle Bronze II"
758,1020,1,3,"Rehovot, Weizmann Institute_Fatimid"
759,1026,1,3,Rosh Horsha_Natufian
760,1029,2,3,Samaria_Early Roman (period)
761,1038,1,3,Sasa_Iron I
762,1046,2,3,Sha`ar Efrayim (south) [north]_Pottery Neolithic
763,1062,1,3,"Sharuhen, T._Late Bronze IIB"
764,1074,1,3,Shen Ramon_Early Bronze IA
765,1076,1,3,"Sheva`, T._Persian"
766,1082,3,3,"Shubeika, Kh. esh-_Late Byzantine-Ummayad"
767,1086,2,3,"Shubeika, Kh. esh-_Roman-Byzantine"
768,1089,1,3,"Taiyiba, et-_Late Chalcolithic"
769,1091,1,3,"Tel Aviv, Ha-Qirya_Hellenistic"
770,1093,1,3,"Tel Aviv, Rehov M. Bodenheimer_Pottery Neolithic"
771,1098,2,3,"Tel Aviv, T. Qasila_Iron IIA"
772,1100,1,3,Tel Yosef_Middle Bronze II
773,1110,1,3,Tir`an_Middle Bronze II
774,1123,1,3,Turmus `Aiya_Roman
775,1124,1,3,"Turmus, T._Chalcolithic"
776,1144,1,3,"Yin`am, T._Late Bronze II"
777,1145,1,3,"Yoqne`am, T._Hellenistic"
778,1157,1,3,"Zafit, T._Persian-Hellenistic"
779,1161,1,3,"Zeror, T._Iron I"
780,1181,1,3,אזור  אשקלון  Ashkelon  area _Late Roman
781,1187,1,3,אשקלון  Ashkelon _Roman
782,1195,1,3,ג'ת _Iron II
783,1206,1,3,טבריה _Byzantine
784,1209,1,3,"י-ם, עמק המצלבה _Roman"
785,1232,1,3,מצודת לענה? _Iron II
786,1233,1,3,"משמר העמק, שומריה-קברים_Middle Roman"
787,1234,1,3,"נבי- רובי, מערה _Middle Bronze II"
788,1248,2,3,קבר  אל  בסה  El  Basseh _Byzantine
789,1254,1,3,רחובות _Late Roman
790,1259,1,3,תל  ברק  Tell  Barak _Roman
791,1260,2,3,תל באיזור השפלה (אחד מן הארבעה של מקליסטר)? _Iron I
792,1261,1,3,תנור _Chalcolithic
793,13,2,2, Unknown_Late Bronze
794,14,1,2, Unknown_Late Bronze IIB-Iron I
795,15,1,2, Unknown_Late Byzantine
796,20,1,2, Unknown_Middle Roman (70-135 CE)
797,28,2,2,_Islamic
798,31,1,2,_Middle Roman
799,32,1,2,_none
800,33,1,2,_Roman
801,34,1,2,"'Asida, Kh._Byzantine"
802,37,1,2,"(+) (1579/0);Kefar Sava, Trig. point 11-R (1578/0); (25070/0)_Late Byzantine-Ummayad"
803,40,1,2,"(+)`Akko, T. (2328/0);`Akko (2266/0)_none"
804,47,1,2,"(+)Jerusalem, Old City (2921/0);Jerusalem, Har Ziyyon (2867/0);Jerusalem, Hinnom Valley (2868/0)_none"
805,48,1,2,"(+)Maresha, Underground System No. 51 (1300/25);La`ada, H. (1249/0);Maresha, T. (1300/0)_none"
806,52,1,2,(+)Shoham (north) (15125/0);Trig. point 200-Z (south) (13259/0);Shoham (east) (25101/0)_none
807,59,1,2,`Akko (north)_none
808,63,2,2,`Akko_Late Roman
809,64,2,2,`Akko_Mamluk
810,68,1,2,"`Akko, Underwater Site_none"
811,77,1,2,"`Arad, T._Early Bronze IB"
812,82,1,2,"`Aro`er, T._Iron IIC"
813,89,1,2,"`Azeqa, T._Iron I"
814,101,1,2,`En Dmumit_Byzantine
815,114,1,2,`En Gedi_Mamluk
816,125,1,2,"`En Nashut, H._Byzantine"
817,130,1,2,`Eqed_none
818,136,2,2,"`Idham, T. el-_Middle Bronze IIA"
819,139,2,2,`Isfiya_Byzantine
820,155,1,2,"`Ujul, T. el-_Middle Bronze IIC"
821,160,1,2,14450-23480 14450-23480_none
822,162,1,2,1805-2220 1795-2210_none
823,163,1,2,1856-2247 1856-2247_none
824,166,1,2,Abu Ghosh_Pre-Pottery Neolithic C
825,168,1,2,Acre  Museum  Collection _Late Roman
826,169,2,2,Acre  Museum  collection _Roman
827,178,1,2,Afeq_Middle Bronze IIB
828,180,1,2,"Afeq, T._none"
829,186,2,2,Akhziv_Persian
830,187,1,2,"Akhziv, T_Persian"
831,191,1,2,Antioch??? סוריה_Hellenistic
832,194,1,2,"Arshaf, T._Crusader,Ayyubid"
833,195,1,2,"Ashdod Yam, H._Iron I"
834,203,1,2,Ashkelon  1933 _Iron IIC-Babylonian-Persian (?)
835,206,1,2,"Ashqelon, Abu Qutuf_none"
836,207,1,2,"Ashqelon, Afridar and Barnea` (east)_Late Roman"
837,212,1,2,"Ashqelon, Afridar and Barnea`_Iron IIC-Babylonian-Persian"
838,215,2,2,"Ashqelon, el-Jura_Early Roman (period)"
839,220,1,2,"Ashqelon, Migdal Ashqelon_Roman-Byzantine (?)"
840,221,2,2,"Ashqelon, Ni`ilya_Roman"
841,227,1,2,"Ashqelon, T. Ashqelon_Iron IIC-Babylonian-Persian"
842,232,1,2,"Ashqelon, T. Ashqelon_Late Roman - Byzantine"
843,244,1,2,Baqa el-Gharbiya (south)_Byzantine
844,249,1,2,"Bata, H._none"
845,251,1,2,"Batash, T._Iron IIB"
846,254,1,2,"Be'er Shema`, H._Early Islamic"
847,256,1,2,Be'er Sheva`_none
848,257,2,2,"Be'er Sheva`, H. Betar_Late Chalcolithic"
849,262,1,2,Ben Shemen_Early Roman (period)
850,264,1,2,Ben Shemen_none
851,276,2,2,Bet Guvrin_Byzantine
852,278,1,2,Bet Guvrin_none
853,287,1,2,"Bet Mirsham, T._Middle Bronze II-Late Bronze"
854,289,1,2,"Bet Natif, H._Late Roman"
855,292,1,2,"Bet Se'an T., Iztabba (north)_none"
856,293,1,2,Bet She'an_Ayyubid-Mamluk
857,294,1,2,Bet She'an_Byzantine
858,298,1,2,Bet She'an_none
859,300,1,2,"Bet She'an, Shikkun Waw_none"
860,302,1,2,"Bet She'an, T._Early Bronze"
861,304,1,2,"Bet She'an, T._Early Bronze II"
862,306,1,2,"Bet She'an, T._Early Byzantine"
863,314,1,2,"Bet She'an, T._Iron IIA,Iron I"
864,317,1,2,"Bet She'an, T._Late Bronze I (?)"
865,321,1,2,"Bet She'an, T._Late Chalcolithic"
866,325,1,2,"Bet She'an, T._Middle Bronze II-Late Bronze"
867,327,1,2,"Bet She'an, T._Middle Bronze IIC"
868,333,1,2,"Bet She`arim, H._Late Roman - Early Byzantine"
869,341,1,2,"Bet-Shemesh, T._Iron IIA"
870,347,1,2,"Bet-Shemesh, T._Late Chalcolithic"
871,351,1,2,Beth Zur_none
872,352,1,2,Bethel_Late Bronze I
873,353,1,2,Bethsaida_Iron II
874,362,1,2,Brit Ahim_Roman
875,364,1,2,"Burnat, Kh (south-west)_Early Roman (period)"
876,373,1,2,Burqa_Byzantine
877,374,1,2,"Bustan, H._Byzantine"
878,391,1,2,"CAESAREA, HARBOUR_Crusader"
879,392,1,2,"Caesarea, Harbour_none"
880,394,2,2,"Cave 27, En-Gedi_Roman"
881,400,1,2,Dalhamiya_Pottery Neolithic
882,405,1,2,"Darkemon, H._Roman"
883,413,1,2,Eshtemo`a_Early Byzantine
884,415,1,2,Fakhura-(Sheep pens)_none
885,422,2,2,"Gamma, T._Late Bronze (?)"
886,423,1,2,"Gamma, T._none"
887,427,1,2,Gan Soreq (south)_none
888,428,1,2,"Gat, T._Early Roman (period)"
889,430,1,2,Gelilot_Iron IIC-Babylonian-Persian
890,433,1,2,"Gezer, T._Early Bronze"
891,442,1,2,"Gezer, T._Late Bronze IIB-Iron I"
892,446,2,2,"Gezer, T._Persian"
893,450,1,2,Giv`at Yasaf_Persian
894,451,1,2,"Goded, T._Iron II"
895,452,1,2,"Gov, H._Byzantine"
896,456,1,2,Gush Halav_Crusader (?)
897,461,1,2,Ha-Gosherim_Late Hellenistic - Early Roman
898,463,1,2,Ha-Gosherim_Middle Roman
899,472,1,2,"Ha-Gosherim, Nili (north)_Pottery Neolithic B / Pre-Ghassulian Chalcolithic"
900,476,1,2,"Haifa, Nemal ha-Qishon_Late Bronze II"
901,478,1,2,"Haifa, Shiqmona, Underwater site_none"
902,488,1,2,"Haifa, T. Shiqmona_Persian"
903,490,1,2,"Haifa, Tel-Hanan_none"
904,492,1,2,Hamadya_Late Neolithic
905,495,1,2,"Hani, H._none"
906,502,1,2,Haruzim (east)_Pre-Pottery Neolithic
907,516,1,2,"Hemda, H._none"
908,520,1,2,Hizma_Early Roman (period)
909,525,1,2,"Holon, Industry Zone_Lower Palaeolithic"
910,528,2,2,Horevot Mazada_Late Hellenistic - Early Roman
911,538,1,2,Ishwa`_none
912,547,1,2,"Jericho, T._Late Bronze"
913,551,1,2,"Jericho, T._none"
914,558,1,2,"Jerualem, Old City Wall_none"
915,572,1,2,"Jerusalem, Binyane ha-Umma_none"
916,574,1,2,"Jerusalem, Broad Wall_Early Roman (period)"
917,576,1,2,"Jerusalem, City of David_Byzantine"
918,587,1,2,"Jerusalem, City of David, Pool of Shiloah_none"
919,590,1,2,"Jerusalem, Derekh Shkhem-pinat Rehov Zalah ed-Din_Late Roman"
920,591,1,2,"Jerusalem, Derekh Shkhem-pinat Rehov Zalah ed-Din_Roman-Byzantine"
921,604,1,2,"Jerusalem, Har Hozvim_none"
922,607,1,2,"Jerusalem, Hinnom Valley, lower_Roman"
923,615,2,2,"Jerusalem, Mamilla_Late Byzantine"
924,622,1,2,"Jerusalem, Nabi `Akasha (north)_Hellenistic"
925,632,1,2,"Jerusalem, Old City_Late Byzantine"
926,640,1,2,"Jerusalem, Old City, Citadel_none"
927,649,1,2,"Jerusalem, Old City, Jewish Quarter, Area F, M_Nabatean"
928,652,1,2,"Jerusalem, Old City, Jewish Quarter, Cardo_Ayyubid-Mamluk"
929,656,1,2,"Jerusalem, Old City, Jewish Quarter, Cardo_Ottoman"
930,663,1,2,"Jerusalem, Old City, Western and Southern Walls_Byzantine"
931,665,1,2,"Jerusalem, Old City, Western and Southern Walls_Early Roman - Middle Roman"
932,676,1,2,"Jerusalem, Qiryat ha-Yovel_none"
933,678,1,2,"Jerusalem, Ramot C+D_Late Hellenistic"
934,682,2,2,"Jerusalem, Rockefeller Museum_Byzantine"
935,685,1,2,"Jerusalem, Rockefeller Museum_Roman"
936,690,2,2,"Jerusalem, Third Wall Area_Byzantine"
937,705,1,2,Kafr Kama_Late Roman
938,713,1,2,Kefar Nahum_none
939,714,1,2,Kefar Ruppin_Late Bronze II
940,718,1,2,Kh.Raghwan  -Jerusalem  area _Byzantine
941,720,1,2,"Kharoz, H._Neolithic"
942,721,1,2,"Khirba, el-_Late Hellenistic-Hasmonean-Early Nabatea"
943,730,1,2,Kokhav ha-Yarden_Ayyubid-Mamluk
944,732,1,2,Kokhav ha-Yarden_Islamic
945,739,1,2,"Lakhish, T._Early Bronze II-III"
946,743,1,2,"Lakhish, T._Late Bronze I"
947,746,1,2,"Lakhish, T._Late Bronze IIB-Iron I"
948,748,1,2,"Lakhish, T._Middle Bronze II"
949,754,1,2,Lod_none
950,756,1,2,"Lod, Maqam esh-Sheikh `Abd er-Rahman_none"
951,757,1,2,Ma`alot-Tarshiha_Byzantine
952,758,1,2,"Ma`on, H._Byzantine"
953,766,2,2,"Mafjar, Kh. el-_Islamic"
954,767,2,2,"Mafjar, Kh. el-_Late Byzantine-Ummayad"
955,770,2,2,Magharat Abu Shinja_none
956,777,1,2,"Majami`, el-_Late Chalcolithic"
957,780,1,2,"Makr, el-_Roman"
958,784,1,2,"Manawat, el-_Roman-Byzantine"
959,788,2,2,"Maresha, T._Iron II"
960,793,2,2,Matlul Zurim_Middle Bronze I
961,796,1,2,Me`arat `Amud_Middle Palaeolithic
962,808,1,2,Me`arat ha-Yonim_none
963,809,1,2,Me`arat Hillazon Tahtit_Natufian
964,820,1,2,"Me`arot Yonim_Epi-Paleolithic,Natufian,Epi-Palaeolithic"
965,824,1,2,"Megiddo, T._Early Bronze"
966,831,2,2,"Megiddo, T._Iron IIA"
967,832,1,2,"Megiddo, T._Iron IIC-Babylonian-Persian"
968,841,1,2,"Megiddo, T._Persian"
969,851,1,2,Mezad Sha`ar Ramon_Roman
970,853,1,2,"Mikhal, T._Persian"
971,868,1,2,Mishmar ha-`Emeq_none
972,875,1,2,Mizpah_Early Bronze III
973,884,2,2,"Mor, T_Late Bronze II"
974,889,1,2,Moza_Persian
975,891,1,2,Musha`an_Late Chalcolithic
976,893,2,2,Na`aran_Byzantine
977,900,2,2,"Nahal David, Me`arat ha-Berekha_Late Chalcolithic"
978,901,1,2,Nahal Gerar_Late Chalcolithic
979,932,1,2,"Nahariyya, Giv`at Katzenelson_none"
980,935,1,2,Nazerat_Roman (?)
981,936,1,2,"Nazor, H._Byzantine"
982,938,1,2,Nemal Akhziv_Iron Age
983,946,1,2,"Nevoraya, H._none"
984,957,1,2,Or `Aqiva_Late Roman
985,964,1,2,"Parve, H._none"
986,969,2,2,"Qashish, T._Early Bronze II-III"
987,971,1,2,Qasrin_none
988,978,1,2,"Qazyon, H._Roman"
989,983,1,2,Qeren Naftali_none
990,995,2,2,"Qumran, Cave 2Q_Roman"
991,998,1,2,"Qumran, Cave 9Q_Early Roman (period)"
992,1000,1,2,"Rafah, Kh._none"
993,1006,1,2,Ramat Yishay_none
994,1010,1,2,"Ramla, Highway No. 1_Early Islamic"
995,1016,1,2,"Rasm, Kh. er-_Late Hellenistic"
996,1017,2,2,"Rehov, T._Iron II"
997,1023,1,2,Rosh `En Mor_Middle Palaeolithic
998,1024,1,2,Rosh ha-`Ayin_Iron II
999,1031,1,2,Samaria_Hellenistic (?)
1000,1034,2,2,Samaria_Late Roman
1001,1035,1,2,Samaria_none
1002,1039,1,2,Sasa_none
1003,1044,2,2,Sha`ar Efrayim (south) [north]_Early Bronze IB
1004,1054,1,2,"Shalem, T._Crusader"
1005,1056,1,2,"Sharuhen, T._Early Bronze I"
1006,1060,2,2,"Sharuhen, T._Late Bronze"
1007,1064,2,2,"Sharuhen, T._Middle Bronze II"
1008,1068,1,2,Shechem (Ancient Site)_Roman
1009,1078,2,2,Shoham_Byzantine
1010,1092,2,2,"Tel Aviv, Ramat Aviv_Ottoman"
1011,1094,1,2,"Tel Aviv, T. el-Hashshash_none"
1012,1096,1,2,"Tel Aviv, T. Qasila_Iron I"
1013,1106,1,2,"Tiberias and Hammat, Thermae_Byzantine"
1014,1107,1,2,"Tiberias and Hammat, Thermae_Crusader"
1015,1109,2,2,"Tinshemet, H._Early Islamic,Umayyad-Abbasid"
1016,1111,1,2,Tirat Karmel_Lower Palaeolithic
1017,1118,1,2,Trig. point 112-S_Iron I
1018,1120,1,2,Trig. point 568-N (north-west)_none
1019,1129,1,2,Umm el-Qanatir_Byzantine
1020,1132,1,2,"Wadi Murabba`at, Cave 1_Epi-Palaeolithic"
1021,1137,1,2,Yafo_Ayyubid-Mamluk
1022,1141,1,2,Yif`at and Gevat (east)_Early Roman (period)
1023,1143,1,2,"Yin`am, T._Iron IIA"
1024,1148,1,2,"Yoqne`am, T._Iron IIA"
1025,1149,1,2,"Yoqne`am, T._Late Bronze"
1026,1150,1,2,"Yoqne`am, T._Late Bronze IIB-Iron I"
1027,1152,1,2,Yotvata_none
1028,1154,1,2,"Zaf, T._Chalcolithic"
1029,1162,1,2,"Zeror, T._none"
1030,1168,1,2,Zippori_Hellenistic
1031,1169,1,2,Zippori_Late Roman
1032,1173,1,2,Ziqim_none
1033,1184,1,2,איזור היספין 647 _Late Chalcolithic
1034,1188,1,2,אשקלון _Middle Bronze II
1035,1191,1,2,בורין  1935  (כביש  טולכרם)  Burin _Early Islamic
1036,1193,1,2,"בית שאן, בה'כ השומרוני _Byzantine"
1037,1198,1,2,ואדי אל בירה. אזור הר תבור _Late Bronze II
1038,1199,1,2,ואדי מורבעאת _Early Roman (period)
1039,1201,2,2,"זבלי, ח' )שובל)? _Roman-Byzantine"
1040,1202,1,2,חולות אשדוד _Late Byzantine
1041,1203,1,2,חיזמה(?) _Early Roman (period)
1042,1210,1,2,"יבנה, קבר מס' 4 _Late Bronze II"
1043,1211,1,2,"ירושלים,  בית  יתומים  הסורי  Syrian  Orphanage,Jerusalem _Late Roman"
1044,1214,1,2,יריחו  -  Nestorian  Hermitage  Jericho _Early Islamic
1045,1217,1,2,לא  ידוע _Neolithic
1046,1219,1,2,לא  ידוע _Pre-Pottery Neolithic
1047,1220,1,2,לא  ידוע _Pre-Pottery Neolithic A
1048,1221,1,2,לא  ידוע _Upper Palaeolithic
1049,1222,1,2,לא ידוע _Byzantine
1050,1227,1,2,ממזרח  לבית  שאן  -  Beth  She'an  Area _Byzantine
1051,1230,1,2,"מערות צבר, מפת עין גדי, חפירות 1972, פסח בר אדון_Middle Roman"
1052,1238,2,2,נחל ישי _Late Chalcolithic
1053,1241,1,2,עברון _Lower Palaeolithic
1054,1242,1,2,עזה  Gaza  Area _Late Roman
1055,1244,1,2,עכו _Late Hellenistic
1056,1246,1,2,"עכו, בניין הדואר _Late Hellenistic"
1057,1247,1,2,על גדות ואדי אפתח _Middle Roman
1058,1250,2,2,קבר  אל  בסה  El  Basseh _Late Roman - Byzantine
1059,1253,1,2,קברים ליד מכמש_Persian
1060,1256,1,2,רמת רחל _Byzantine
1061,1258,1,2,שמיר _Pottery Neolithic
1062,6,1,1, Unknown_Early Islamic
1063,10,1,1, Unknown_Hellenistic-Roman
1064,19,1,1, Unknown_Middle Bronze II
1065,27,1,1,_Early Roman (period)
1066,38,1,1,(+) (3195/0)_Late Roman
1067,69,1,1,"`Alya, Kh._Early Roman (period)"
1068,74,1,1,`Ar`ara (south-west)_Iron I
1069,83,1,1,"`Asafna, Kh._Roman"
1070,85,1,1,`Atlit_Hellenistic
1071,86,1,1,`Atlit_Iron II
1072,91,1,1,"`Azeqa, T._Late Bronze II"
1073,95,1,1,`Ein Yabrud_Late Roman
1074,102,1,1,"`En Gedi - Goren, T._Iron IIC-Babylonian-Persian"
1075,105,1,1,"`En Gedi - Goren, Tell_Iron IIC"
1076,116,1,1,`En Gedi_none
1077,126,1,1,`En Nevel_Kebaran
1078,131,1,1,"`Erani, T._Early Bronze"
1079,132,1,1,"`Erani, T._Early Bronze I"
1080,133,1,1,"`Erani, T._Iron II"
1081,134,1,1,"`Eton, T._Iron I"
1082,137,1,1,"`Illin, H._Early Islamic"
1083,141,1,1,"`Ujul, T. el-_Byzantine"
1084,148,1,1,"`Ujul, T. el-_Mamluk"
1085,158,1,1,"`Utsa, H._Late Roman - Early Byzantine"
1086,159,1,1,"12  ק""מ  מערבית    ל-Khalasa _Neolithic (?)"
1087,164,1,1,Abu  Tor  cleared  in  1932 _Early Roman (period)
1088,167,1,1,Acre  Museum  collection _Late Roman
1089,176,1,1,Afeq_Middle Bronze II (?)
1090,182,1,1,Akhziv (north)_Iron II
1091,204,1,1,Ashkelon  1933 _Persian
1092,208,1,1,"Ashqelon, Afridar and Barnea` (east)_Middle Hellenistic"
1093,210,1,1,"Ashqelon, Afridar and Barnea`_Hellenistic"
1094,213,1,1,"Ashqelon, Afridar and Barnea`_Late Hellenistic - Early Roman (152 BCE - 70 CE)"
1095,218,1,1,"Ashqelon, Migdal Ashqelon_none"
1096,245,1,1,Baqa el-Gharbiya (south)_Early Roman (period)
1097,246,1,1,Baqa el-Gharbiya (south)_Late Roman - Early Byzantine
1098,261,1,1,Beit Nuba_Byzantine
1099,279,1,1,Bet Guvrin_Roman
1100,291,1,1,Bet Neqofa_Middle Roman - Late Roman
1101,296,1,1,Bet She'an_Late Roman
1102,312,1,1,"Bet She'an, T._Iron II (?)"
1103,332,1,1,"Bet She`arim, H._Late Roman - Byzantine"
1104,337,1,1,"Bet Yerah, T._Early Bronze III (?)"
1105,338,1,1,"Bet-Shemesh, T._Crusader (?)"
1106,342,1,1,"Bet-Shemesh, T._Late Bronze"
1107,345,1,1,"Bet-Shemesh, T._Late Bronze IIA"
1108,350,1,1,Beth Zur_Iron IIC-Babylonian-Persian
1109,361,1,1,Brit Ahim_Hellenistic
1110,369,1,1,BURNT HOUSE_Early Roman (period) (?)
1111,370,1,1,BURNT HOUSE_none
1112,371,1,1,BURNT HOUSE_Roman
1113,393,1,1,"Caesarea, Synagogue_Byzantine"
1114,410,1,1,El  Basseh  Tomb _Roman
1115,412,1,1,El-Bineh  1932 _Roman-Byzantine
1116,414,1,1,Evlayim_Roman
1117,420,1,1,"Gamma, T._Iron Age (?)"
1118,429,1,1,Gaza Harbour_Early Byzantine
1119,431,1,1,"Gerisa, T._Late Bronze II"
1120,447,1,1,Ghadariyya_Byzantine
1121,454,1,1,Gush Halav_Arab-Byzantine
1122,462,1,1,Ha-Gosherim_Late Roman - Early Byzantine
1123,474,1,1,"Ha-Zorea`, T. Qira_Neolithic"
1124,479,1,1,"Haifa, T. Abu Hawwam_Early Roman (period)"
1125,486,1,1,"Haifa, T. Shiqmona_Byzantine"
1126,491,1,1,Haluza_Byzantine
1127,504,1,1,"Hasi, T._Ottoman"
1128,505,1,1,"Hasi, T._Persian"
1129,507,1,1,Hauran  Area  -Jordan ירדן_Late Roman
1130,518,1,1,Herzeliyya Bet_Late Roman
1131,523,1,1,"Hoga, H._Late Byzantine-Ummayad (?)"
1132,531,1,1,Huldah Area. 4231-4831_Byzantine
1133,534,1,1,I Yonim_Persian
1134,539,1,1,"Istabul, Kh._Byzantine"
1135,544,1,1,"Jericho, T._Early Bronze II"
1136,559,1,1,"Jerusalem North, Mahanayim, Cave 22_Early Roman (period)"
1137,560,1,1,"Jerusalem north, Sanhedriyya, Cave 12_Early Roman (period)"
1138,563,1,1,"Jerusalem, `En Kerem_Roman"
1139,566,1,1,"Jerusalem, `En Rogel_Late Byzantine"
1140,569,1,1,"Jerusalem, `En Rogel_Middle Roman - Late Roman"
1141,582,1,1,"Jerusalem, City of David_Late Roman - Byzantine (?)"
1142,583,1,1,"Jerusalem, City of David_Late Roman - Early Byzantine"
1143,589,1,1,"Jerusalem, Derekh Shkhem-pinat Rehov Zalah ed-Din_Byzantine"
1144,600,1,1,"Jerusalem, Har ha-Zofim (east)_Byzantine"
1145,603,1,1,"Jerusalem, Har ha-Zofim_Late Hellenistic - Early Roman"
1146,605,1,1,"Jerusalem, Har Ziyyon_Ottoman (?)"
1147,606,1,1,"Jerusalem, Hinnom Valley_Byzantine"
1148,611,1,1,"Jerusalem, Ketef Hinnom_Late Roman"
1149,629,1,1,"Jerusalem, Old City_Early Islamic,Late Byzantine"
1150,636,1,1,"Jerusalem, Old City_Late Roman - Byzantine"
1151,637,1,1,"Jerusalem, Old City_Late Roman - Early Byzantine"
1152,638,1,1,"Jerusalem, Old City_none"
1153,639,1,1,"Jerusalem, Old City_Persian-Hellenistic"
1154,647,1,1,"Jerusalem, Old City, Jewish Quarter, Area F, M_Late Hellenistic - Early Roman (?)"
1155,648,1,1,"Jerusalem, Old City, Jewish Quarter, Area F, M_Late Hellenistic,Early Roman (period)"
1156,660,1,1,"Jerusalem, Old City, St. Stephan's Gate_Byzantine"
1157,661,1,1,"Jerusalem, Old City, St. Stephan's Gate_Early Roman (period)"
1158,664,1,1,"Jerusalem, Old City, Western and Southern Walls_Early Hellenistic"
1159,669,1,1,"Jerusalem, Old City, Western and Southern Walls_Late Byzantine"
1160,670,1,1,"Jerusalem, Old City, Western and Southern Walls_Late Roman"
1161,671,1,1,"Jerusalem, Old City, Western and Southern Walls_Middle Roman"
1162,677,1,1,"Jerusalem, Qiryat Moriah_Iron II"
1163,683,1,1,"Jerusalem, Rockefeller Museum_Early Roman (period)"
1164,688,1,1,"Jerusalem, Shmuel ha-Navi_Early Roman (period)"
1165,693,1,1,"Jerusalem, Ya`ar Ha-Shalom_Early Roman (period)"
1166,694,1,1,"Jerusalem, Ymca--Keren ha-Yesod Street_Byzantine"
1167,706,1,1,Kafr Kanna (east)_Early Roman (period)
1168,707,1,1,"Karkor `Illit, H._Arab-Byzantine"
1169,715,1,1,Kfar Monash_Early Bronze
1170,716,1,1,Kfar Monash_Early Bronze I
1171,733,1,1,Korazim_Byzantine
1172,735,1,1,Korazim_Late Roman - Byzantine
1173,737,1,1,"Kryat Ata, Shekhunat Moler_Early Bronze II"
1174,740,1,1,"Lakhish, T._Early Bronze III"
1175,745,1,1,"Lakhish, T._Late Bronze IIB"
1176,753,1,1,Lod_Late Byzantine
1177,764,1,1,"Mafjar, Kh. el-_Byzantine"
1178,768,1,1,"Mafjar, Kh. el-_Roman"
1179,781,1,1,"Mamshit, H._Byzantine"
1180,795,1,1,Mazor_Roman
1181,799,1,1,Me`arat Amira_Upper Palaeolithic (?)
1182,827,1,1,"Megiddo, T._Iron Age"
1183,843,1,1,"Merot, H._Byzantine"
1184,859,1,1,"Minha, H._Pre-Pottery Neolithic"
1185,861,1,1,"Miqne, T._Late Bronze"
1186,866,1,1,Mishmar ha-`Emeq_Late Roman - Byzantine
1187,874,1,1,Mizpah_Early Bronze I-II
1188,876,1,1,Mizpah_Iron Age (?)
1189,878,1,1,Mizpah_Iron I (?)
1190,880,1,1,Mizpah_Iron IIC
1191,888,1,1,Moza_Iron IIC
1192,896,1,1,Nahal `Arugot_Late Chalcolithic
1193,897,1,1,Nahal Arbel_Roman
1194,898,1,1,Nahal Barqos_Late Neolithic
1195,910,1,1,Nahal Hever. Cave 2_Middle Roman
1196,915,1,1,"Nahal Mishmar, Me`arat ha-Matmon_Middle Roman"
1197,919,1,1,Nahal Yarmut_Late Hellenistic
1198,923,1,1,Nahal Ze`elim_Roman
1199,931,1,1,"Nahariyya, Giv`at Katzenelson_Middle Roman"
1200,937,1,1,"Nazor, H._Late Byzantine"
1201,967,1,1,"Qannir, Kh._Late Roman"
1202,988,1,1,Qiryat Ata_Late Roman
1203,992,1,1,Qumran Caves_Roman
1204,993,1,1,"Qumran, Cave 11Q_Early Roman (period)"
1205,999,1,1,"Qumran, Cave Q1_Roman"
1206,1001,1,1,"Rama, er-_Late Roman"
1207,1002,1,1,Ramat Rahel_Byzantine
1208,1028,1,1,Samakh  T.  -  Haifa  Region _Roman
1209,1036,1,1,Samaria_Persian-Hellenistic
1210,1040,1,1,"Sawafir esh-Sharqiya, es-_Byzantine"
1211,1041,1,1,"Sea  of  Galilee,  North  of  Tiberias _Late Chalcolithic"
1212,1047,1,1,Sha`ar Efrayim (south) [north]_Pre-Pottery Neolithic
1213,1053,1,1,Sha`ar ha-Golan_Pre-Pottery Neolithic A
1214,1055,1,1,"Shalem, T._Middle Roman"
1215,1066,1,1,Shave Ziyyon_Byzantine
1216,1069,1,1,Shechem (Town)_Early Roman (period)
1217,1070,1,1,Shechem (Town)_Roman
1218,1071,1,1,Shefar`am_Byzantine
1219,1072,1,1,Shelomi (Soush)_Late Roman - Early Byzantine
1220,1079,1,1,Shoham_Umayyad-Abbasid
1221,1081,1,1,"Shubeika, Kh. esh-_Byzantine"
1222,1083,1,1,"Shubeika, Kh. esh-_Late Roman - Byzantine"
1223,1087,1,1,Shuni_Late Roman
1224,1088,1,1,"Sokho, Horevot_Roman"
1225,1095,1,1,"Tel Aviv, T. Qasila_Byzantine"
1226,1099,1,1,"Tel Aviv, T. Qasila_Iron IIA,Iron I"
1227,1101,1,1,Tiberias and Hammat_Crusader
1228,1104,1,1,Tiberias and Hammat_Mamluk
1229,1113,1,1,"Tirya, H._Early Roman (period)"
1230,1114,1,1,"Tirya, H._Late Roman"
1231,1122,1,1,Trig. point 819-A (west)_none
1232,1127,1,1,"Turmus, T._Pre-Ghassulian Chalcolithic"
1233,1128,1,1,"Turmus, T._Pre-Pottery Neolithic"
1234,1136,1,1,Yafia`_Byzantine
1235,1167,1,1,Zippori_Early Byzantine
1236,1177,1,1,Zuq el-Fauqani ez-_Byzantine (?)
1237,1178,1,1,Zuq el-Fauqani ez-_Roman-Byzantine
1238,1182,1,1,איזור  אשקלון  אתרים  שונים  Ashkelon  Area _Byzantine
1239,1183,1,1,איזור  חברון  Dura  Hebron  District _Roman
1240,1186,1,1,אשקלון  Ashkelon _Byzantine
1241,1194,1,1,ג'פנא  (ליד  רמאללה)  Jifna _Roman
1242,1196,1,1,גזר _Late Hellenistic
1243,1200,1,1,ואדי מרבעאת _Roman
1244,1204,1,1,חירבת  ערה  Ara  Horvat _Byzantine
1245,1205,1,1,טבריה  TIBERIAS _Late Roman
1246,1207,1,1,"טבריה, קבר רומי בעיר _Roman"
1247,1212,1,1,"ירושלים,  הכביש  ליד  גת  שמנים  Road  near  Gethsemane _Byzantine"
1248,1213,1,1,"ירושלים,  סילואן _Early Roman (period)"
1249,1216,1,1,כפר מונש _Early Bronze IB
1250,1223,1,1,לא ידוע- ירושלים _Roman
1251,1224,1,1,ליד  חדיתה  -קבר  מצוייר  Haditha  Painted  Tomb _Roman
1252,1225,1,1,"מאמאס, ליד אמת המים של קיסריה Mamas next to Caesarea Aqueduct _Roman"
1253,1226,1,1,מורדות  הר  עיבל  Slopes  of  Mt.Ebal _Roman
1254,1229,1,1,מערה    ט'הרייה    Dhaheriah    Cave _Hellenistic
1255,1235,1,1,נהריה _Middle Roman
1256,1236,1,1,נהריה _Roman
1257,1245,1,1,עכו-בית  קברות  Sheikh  'Izz  ed-Din _Roman
1258,1249,1,1,קבר  אל  בסה  El  Basseh _Late Roman
1259,1252,1,1,קבר בבית סחור _Iron I
1260,1257,1,1,שכם  -  Nablus _Roman
1261,1262,1,1,תעלת  עכו  -  Moat  of  Acre _Hellenistic
